campus_id,major,degree_level,track,graduation_term,graduation_year,entry_type,time_to_degree_years,total_credits_earned,final_gpa,major_gpa,residency,holds_prior_umbc_bachelors,work_hours_per_week_while_enrolled,internship_count,credential_count,engagement_activity_count,net_cost_usd,total_loans_usd,first_destination,months_to_first_job,first_job_title,first_job_family,first_employer,first_employer_industry,first_job_region,first_job_annual_salary_usd,first_job_is_remote,first_job_found_via
CID-655977,Information Systems,Bachelor of Science,General,Fall 2020,2020,First-Time Freshman,7.7,121,2.44,2.50,In-State,FALSE,16,1,2,2,44020,28920,Employed Full-Time,1.8,IT Analyst,IT Business & Product,Clearfield Assurance,Cybersecurity Services,Northern Virginia,84500,FALSE,Online Application
CID-861644,Computer Science,Bachelor of Science,Software Engineering,Fall 2025,2025,First-Time Freshman,3.7,122,3.08,2.98,In-State,FALSE,10,0,1,1,41340,21710,Employed Part-Time,3.5,Associate Software Engineer,Software Engineering,Tidal Power Cooperative,Energy & Utilities,"Columbia/Howard County, MD",74500,FALSE,Online Application
CID-617792,Computer Science,Bachelor of Science,Data Science,Spring 2022,2022,First-Time Freshman,4.0,122,2.57,2.75,In-State,FALSE,21,3,1,3,35700,26300,No Response,Not Applicable,Not Applicable,Not Applicable,Not Applicable,Not Applicable,Not Applicable,Not Applicable,Not Applicable,Not Applicable
CID-472013,Information Systems,Bachelor of Science,Software Development,Fall 2016,2016,First-Time Freshman,4.0,121,3.31,3.15,Out-of-State,FALSE,8,1,3,1,42090,19650,Employed Full-Time,0.0,Systems Administrator,Infrastructure & Cloud,Tidewater Defense Group,Defense & Aerospace,"Columbia/Howard County, MD",65000,FALSE,Online Application
CID-382067,Computer Science,Bachelor of Science,Artificial Intelligence,Spring 2022,2022,First-Time Freshman,3.3,122,3.08,3.22,Out-of-State,FALSE,5,1,1,3,87410,53220,Employed Full-Time,0.0,Junior Developer,Software Engineering,Calvert Advisory Group,Consulting & Professional Services,"Washington, DC Metro",84250,FALSE,Online Application
CID-543202,Computer Science,Bachelor of Science,Data Science,Fall 2025,2025,Transfer,3.0,122,3.09,3.20,In-State,FALSE,12,1,2,4,20330,7050,Employed Full-Time,1.8,Business Intelligence Analyst,Data & Analytics,Northfield Biosciences,Healthcare & Life Sciences,"Baltimore, MD",71250,FALSE,Alumni Network
CID-817273,Computer Science,Bachelor of Science,Cybersecurity,Spring 2025,2025,Transfer,3.7,122,2.76,3.02,In-State,FALSE,14,2,0,5,20690,12950,Employed Full-Time,0.0,Data Analyst,Data & Analytics,Tidewater Defense Group,Defense & Aerospace,"Washington, DC Metro",76000,FALSE,Alumni Network
CID-172182,Computer Science,Bachelor of Science,Cybersecurity,Fall 2022,2022,Transfer,2.7,120,2.78,2.86,In-State,FALSE,5,1,0,3,17270,4330,Still Seeking,Not Applicable,Not Applicable,Not Applicable,Not Applicable,Not Applicable,Not Applicable,Not Applicable,Not Applicable,Not Applicable
CID-619082,Computer Science,Bachelor of Science,Data Science,Spring 2026,2026,Transfer,5.0,111,2.25,2.26,In-State,FALSE,14,1,0,2,19460,13280,Employed Full-Time,2.5,Junior Developer,Software Engineering,Lumen Grid Software,Software Products,Northern Virginia,82750,FALSE,Recruiter Outreach
CID-295254,Information Systems,Bachelor of Science,General,Spring 2023,2023,First-Time Freshman,3.3,121,3.30,3.35,In-State,FALSE,7,1,1,4,31120,14830,Employed Part-Time,1.9,Security Analyst I,Cybersecurity,Blue Heron Technologies,Federal Contracting,"Baltimore, MD",91250,FALSE,Recruiter Outreach
CID-359949,Information Systems,Bachelor of Science,Health Information Technology,Spring 2025,2025,Transfer,2.7,120,3.11,3.24,In-State,FALSE,17,1,0,3,15580,6990,Employed Full-Time,2.1,IT Analyst,IT Business & Product,Monument Bank Technology,Financial Services,Northern Virginia,93500,FALSE,Recruiter Outreach
CID-985651,Information Systems,Bachelor of Science,Cybersecurity Management,Spring 2020,2020,Transfer,2.0,122,3.11,3.06,In-State,FALSE,12,1,0,0,11540,6300,Employed Full-Time,0.5,SOC Analyst,Cybersecurity,Meridian National Systems,Federal Contracting,Northern Virginia,94000,FALSE,Return Offer from Internship
CID-637434,Information Systems,Bachelor of Science,General,Spring 2026,2026,Transfer,2.7,112,2.89,3.13,In-State,FALSE,4,1,0,0,16540,9020,Employed Full-Time,1.0,Data Analyst,Data & Analytics,Patapsco Aerospace,Defense & Aerospace,"Columbia/Howard County, MD",68500,FALSE,Online Application
CID-730806,Computer Science,Bachelor of Science,General,Fall 2021,2021,Transfer,2.0,121,2.47,2.38,Out-of-State,FALSE,11,0,1,2,22940,14300,Employed Full-Time,0.0,Business Intelligence Analyst,Data & Analytics,Antietam Systems Integration,Federal Contracting,Remote - United States,46500,TRUE,Personal Network
CID-250283,Computer Science,Bachelor of Science,General,Fall 2025,2025,First-Time Freshman,4.7,122,2.64,2.53,Out-of-State,FALSE,6,1,0,0,112400,39950,No Response,Not Applicable,Not Applicable,Not Applicable,Not Applicable,Not Applicable,Not Applicable,Not Applicable,Not Applicable,Not Applicable
CID-568243,Information Systems,Bachelor of Science,Health Information Technology,Fall 2025,2025,First-Time Freshman,4.3,121,3.36,3.35,In-State,FALSE,6,1,1,0,49470,24760,Continuing Education,Not Applicable,Not Applicable,Not Applicable,Not Applicable,Not Applicable,Not Applicable,Not Applicable,Not Applicable,Not Applicable
CID-977272,Information Systems,Master of Science,General,Spring 2017,2017,First-Time Freshman,7.3,121,3.71,3.70,Out-of-State,TRUE,22,1,0,1,48760,12210,Continuing Education,Not Applicable,Not Applicable,Not Applicable,Not Applicable,Not Applicable,Not Applicable,Not Applicable,Not Applicable,Not Applicable
CID-299315,Computer Science,Bachelor of Science,General,Spring 2017,2017,Transfer,4.0,120,2.82,2.74,In-State,FALSE,13,0,0,2,12940,11440,Employed Full-Time,2.4,Junior Developer,Software Engineering,Potomac Mission Solutions,Federal Contracting,"Baltimore, MD",56500,FALSE,Career Fair
CID-717896,Information Systems,Bachelor of Science,Health Information Technology,Fall 2018,2018,First-Time Freshman,4.7,121,2.40,2.40,Out-of-State,FALSE,8,1,0,1,51910,29110,Employed Full-Time,2.1,Business Analyst,IT Business & Product,Vantage Point Applications,Software Products,Northern Virginia,75500,FALSE,Career Fair
CID-281932,Information Systems,Bachelor of Science,Software Development,Spring 2015,2015,First-Time Freshman,4.0,121,2.85,2.80,In-State,FALSE,5,1,1,4,31930,15310,Employed Part-Time,0.0,Business Intelligence Analyst,Data & Analytics,Harborline Networks,Cloud & Infrastructure,"Baltimore, MD",57000,FALSE,Online Application
CID-401678,Computer Science,Bachelor of Science,Data Science,Fall 2016,2016,First-Time Freshman,4.0,122,3.25,3.20,In-State,FALSE,8,1,1,0,27120,3050,Continuing Education,Not Applicable,Not Applicable,Not Applicable,Not Applicable,Not Applicable,Not Applicable,Not Applicable,Not Applicable,Not Applicable
CID-233316,Computer Science,Bachelor of Science,Software Engineering,Spring 2023,2023,First-Time Freshman,3.7,120,3.40,3.63,In-State,FALSE,7,0,1,1,35070,11980,Employed Full-Time,2.7,Junior Developer,Software Engineering,Calvert Advisory Group,Consulting & Professional Services,"Baltimore, MD",81750,FALSE,Recruiter Outreach
CID-385603,Information Systems,Bachelor of Science,Health Information Technology,Spring 2021,2021,Transfer,2.3,120,3.01,2.88,In-State,FALSE,0,0,1,4,14680,4460,Employed Full-Time,1.2,Junior Systems Analyst,IT Business & Product,Monument Bank Technology,Financial Services,Northern Virginia,78750,FALSE,Student Organization Connection
CID-554323,Information Systems,Bachelor of Science,General,Spring 2021,2021,First-Time Freshman,4.7,121,2.33,2.25,In-State,FALSE,1,0,0,1,40560,20280,No Response,Not Applicable,Not Applicable,Not Applicable,Not Applicable,Not Applicable,Not Applicable,Not Applicable,Not Applicable,Not Applicable
CID-851194,Computer Science,Bachelor of Science,Software Engineering,Spring 2019,2019,Transfer,3.0,120,3.29,3.20,In-State,FALSE,13,0,1,0,12040,3270,Employed Full-Time,4.0,Junior ML Engineer,Machine Learning & AI,Patapsco Aerospace,Defense & Aerospace,Northern Virginia,95250,FALSE,Online Application
CID-590300,Information Systems,Bachelor of Science,General,Spring 2022,2022,Transfer,3.0,121,3.11,3.05,In-State,FALSE,21,0,0,2,19730,7970,Still Seeking,Not Applicable,Not Applicable,Not Applicable,Not Applicable,Not Applicable,Not Applicable,Not Applicable,Not Applicable,Not Applicable
CID-737140,Computer Science,Bachelor of Science,Artificial Intelligence,Fall 2020,2020,First-Time Freshman,3.0,120,3.18,3.10,In-State,FALSE,11,1,0,2,32190,27940,Employed Full-Time,3.6,Security Analyst I,Cybersecurity,Office of Technology Policy,Federal Government,"Baltimore, MD",85250,FALSE,Recruiter Outreach
CID-877616,Information Systems,Bachelor of Science,Health Information Technology,Spring 2017,2017,First-Time Freshman,4.0,121,3.19,3.20,In-State,FALSE,5,2,1,1,44070,19540,Continuing Education,Not Applicable,Not Applicable,Not Applicable,Not Applicable,Not Applicable,Not Applicable,Not Applicable,Not Applicable,Not Applicable
CID-434123,Information Systems,Bachelor of Science,General,Spring 2025,2025,Transfer,2.0,120,2.43,2.44,In-State,FALSE,3,0,2,1,10590,7020,Employed Full-Time,4.4,Data Analyst,Data & Analytics,Fidelis Capital Partners,Financial Services,"Washington, DC Metro",78000,FALSE,Online Application
CID-766331,Information Systems,Bachelor of Science,General,Fall 2020,2020,First-Time Freshman,4.7,121,2.57,2.70,In-State,FALSE,12,1,0,2,31670,2970,No Response,Not Applicable,Not Applicable,Not Applicable,Not Applicable,Not Applicable,Not Applicable,Not Applicable,Not Applicable,Not Applicable
CID-753923,Computer Science,Bachelor of Science,General,Spring 2025,2025,First-Time Freshman,4.7,122,2.51,2.56,Out-of-State,FALSE,8,0,0,0,67050,33590,Employed Full-Time,5.5,Junior Data Analyst,Data & Analytics,Fidelis Capital Partners,Financial Services,Remote - United States,69750,TRUE,Alumni Network
CID-232412,Computer Science,Bachelor of Science,Artificial Intelligence,Fall 2020,2020,First-Time Freshman,3.7,121,3.29,3.19,In-State,FALSE,19,1,0,1,36730,6600,Employed Full-Time,6.1,Junior Data Analyst,Data & Analytics,Fidelis Capital Partners,Financial Services,Northern Virginia,94250,FALSE,Career Fair
CID-672950,Computer Science,Bachelor of Science,General,Fall 2023,2023,First-Time Freshman,4.0,120,2.57,2.57,In-State,FALSE,21,2,0,2,37830,37830,No Response,Not Applicable,Not Applicable,Not Applicable,Not Applicable,Not Applicable,Not Applicable,Not Applicable,Not Applicable,Not Applicable
CID-686391,Computer Science,Bachelor of Science,General,Fall 2024,2024,First-Time Freshman,4.3,120,3.29,3.20,In-State,FALSE,13,3,3,6,37140,12630,Employed Part-Time,1.8,AI Research Assistant,Machine Learning & AI,Anvil Compute,Cloud & Infrastructure,"Washington, DC Metro",128000,FALSE,Student Organization Connection
CID-373939,Information Systems,Bachelor of Science,Software Development,Spring 2018,2018,First-Time Freshman,4.0,121,3.45,3.45,Out-of-State,FALSE,5,2,0,2,77850,37630,Employed Full-Time,0.6,Junior Data Analyst,Data & Analytics,Dockside Logistics Systems,Logistics & Transportation,"Baltimore, MD",69500,FALSE,Recruiter Outreach
CID-976072,Information Systems,Bachelor of Science,General,Spring 2025,2025,First-Time Freshman,4.0,121,2.87,2.90,In-State,FALSE,5,2,2,5,38160,15170,Employed Full-Time,0.6,Business Intelligence Analyst,Data & Analytics,Northwind Platform Co.,Software Products,"Baltimore, MD",89500,FALSE,Return Offer from Internship
CID-703142,Information Systems,Bachelor of Science,Software Development,Spring 2016,2016,First-Time Freshman,4.0,121,2.97,3.00,In-State,FALSE,16,1,1,4,31400,9730,Employed Full-Time,0.2,Associate Software Engineer,Software Engineering,Dockside Logistics Systems,Logistics & Transportation,Northern Virginia,65750,FALSE,Return Offer from Internship
CID-892993,Information Systems,Bachelor of Science,Software Development,Spring 2023,2023,First-Time Freshman,5.0,121,2.73,2.70,Out-of-State,FALSE,25,2,2,3,65960,36440,Employed Full-Time,0.4,Security Analyst I,Cybersecurity,Cartway Commerce,E-Commerce & Retail Tech,"Baltimore, MD",104500,TRUE,Return Offer from Internship
CID-805053,Computer Science,Bachelor of Science,General,Fall 2024,2024,Transfer,2.3,121,2.76,2.53,In-State,FALSE,4,0,0,1,11540,1940,Employed Full-Time,5.9,Junior Developer,Software Engineering,Marketside Digital,E-Commerce & Retail Tech,"Baltimore, MD",74500,FALSE,Alumni Network
CID-731656,Computer Science,Bachelor of Science,Artificial Intelligence,Spring 2017,2017,First-Time Freshman,3.7,121,3.50,3.41,In-State,FALSE,0,0,0,2,35290,10470,Still Seeking,Not Applicable,Not Applicable,Not Applicable,Not Applicable,Not Applicable,Not Applicable,Not Applicable,Not Applicable,Not Applicable
CID-878303,Information Systems,Bachelor of Science,Business Analytics,Spring 2026,2026,First-Time Freshman,4.0,121,2.57,2.55,In-State,FALSE,5,2,1,2,43300,13610,No Response,Not Applicable,Not Applicable,Not Applicable,Not Applicable,Not Applicable,Not Applicable,Not Applicable,Not Applicable,Not Applicable
CID-113605,Computer Science,Bachelor of Science,General,Fall 2024,2024,First-Time Freshman,4.7,120,2.30,2.25,In-State,FALSE,2,3,0,1,44530,34900,Employed Part-Time,3.5,SOC Analyst,Cybersecurity,Anvil Compute,Cloud & Infrastructure,"Washington, DC Metro",138000,FALSE,Online Application
CID-822252,Information Systems,Bachelor of Science,General,Fall 2022,2022,First-Time Freshman,3.7,121,3.84,3.80,In-State,FALSE,0,2,0,3,28410,9930,No Response,Not Applicable,Not Applicable,Not Applicable,Not Applicable,Not Applicable,Not Applicable,Not Applicable,Not Applicable,Not Applicable
CID-493840,Computer Science,Bachelor of Science,General,Fall 2020,2020,First-Time Freshman,4.7,120,2.13,2.07,In-State,FALSE,17,0,0,4,42250,30820,Employed Full-Time,7.6,Junior Developer,Software Engineering,Chesapeake Defense Systems,Defense & Aerospace,Northern Virginia,56750,FALSE,Recruiter Outreach
CID-809525,Information Systems,Bachelor of Science,Business Analytics,Fall 2025,2025,First-Time Freshman,4.0,121,3.21,3.24,In-State,FALSE,15,1,0,1,43710,19120,Employed Full-Time,0.8,Security Analyst I,Cybersecurity,Meridian National Systems,Federal Contracting,Northern Virginia,109000,FALSE,Career Fair
CID-236616,Computer Science,Bachelor of Science,Data Science,Spring 2016,2016,Transfer,1.7,126,3.00,3.11,In-State,FALSE,0,0,0,2,9060,2640,Employed Full-Time,1.5,Software Engineer I,Software Engineering,Tessellate Labs,Software Products,"Washington, DC Metro",64750,FALSE,Online Application
CID-399213,Information Systems,Bachelor of Science,Health Information Technology,Spring 2023,2023,First-Time Freshman,3.3,121,3.34,3.15,In-State,FALSE,19,1,0,1,42080,37050,Employed Full-Time,2.5,Junior Systems Analyst,IT Business & Product,Federal Health Data Office,Federal Government,"Baltimore, MD",63250,FALSE,Recruiter Outreach
CID-718425,Computer Science,Bachelor of Science,Cybersecurity,Fall 2019,2019,Transfer,3.0,120,1.94,2.02,In-State,FALSE,22,0,1,3,14280,9480,Employed Full-Time,2.1,Software Engineer I,Software Engineering,Antietam Systems Integration,Federal Contracting,"Washington, DC Metro",57500,FALSE,Student Organization Connection
CID-615930,Computer Science,Bachelor of Science,General,Spring 2026,2026,Transfer,2.3,119,3.04,3.00,In-State,FALSE,13,0,1,5,13090,4520,Continuing Education,Not Applicable,Not Applicable,Not Applicable,Not Applicable,Not Applicable,Not Applicable,Not Applicable,Not Applicable,Not Applicable
CID-146467,Information Systems,Bachelor of Science,Software Development,Fall 2023,2023,Transfer,3.7,120,2.58,2.50,In-State,FALSE,8,1,1,2,16820,11650,Still Seeking,Not Applicable,Not Applicable,Not Applicable,Not Applicable,Not Applicable,Not Applicable,Not Applicable,Not Applicable,Not Applicable
CID-626085,Computer Science,Bachelor of Science,General,Spring 2022,2022,First-Time Freshman,5.0,122,3.03,2.85,In-State,FALSE,7,3,3,2,39390,34790,Employed Full-Time,0.0,Junior Security Engineer,Cybersecurity,Chesapeake Defense Systems,Defense & Aerospace,"Baltimore, MD",116000,TRUE,Faculty or Staff Referral
CID-613962,Computer Science,Bachelor of Science,Software Engineering,Fall 2016,2016,Transfer,2.7,120,3.65,3.54,In-State,FALSE,6,1,2,5,11330,8900,Employed Full-Time,1.0,Junior Developer,Software Engineering,Marketside Digital,E-Commerce & Retail Tech,"Baltimore, MD",88250,FALSE,Personal Network
CID-861779,Computer Science,Bachelor of Science,Software Engineering,Fall 2019,2019,First-Time Freshman,4.3,122,3.65,3.64,Out-of-State,FALSE,17,2,0,4,38220,10080,No Response,Not Applicable,Not Applicable,Not Applicable,Not Applicable,Not Applicable,Not Applicable,Not Applicable,Not Applicable,Not Applicable
CID-117135,Computer Science,Bachelor of Science,Data Science,Spring 2026,2026,First-Time Freshman,3.7,107,2.40,2.48,In-State,FALSE,14,0,0,0,50770,29060,No Response,Not Applicable,Not Applicable,Not Applicable,Not Applicable,Not Applicable,Not Applicable,Not Applicable,Not Applicable,Not Applicable
CID-507140,Computer Science,Bachelor of Science,General,Summer 2024,2024,First-Time Freshman,8.0,122,2.54,2.38,Out-of-State,FALSE,14,1,2,2,80330,44180,Still Seeking,Not Applicable,Not Applicable,Not Applicable,Not Applicable,Not Applicable,Not Applicable,Not Applicable,Not Applicable,Not Applicable
CID-401501,Computer Science,Bachelor of Science,Cybersecurity,Spring 2022,2022,First-Time Freshman,3.7,123,3.49,3.62,In-State,FALSE,5,3,2,5,41050,20440,No Response,Not Applicable,Not Applicable,Not Applicable,Not Applicable,Not Applicable,Not Applicable,Not Applicable,Not Applicable,Not Applicable
CID-762388,Information Systems,Bachelor of Science,General,Fall 2023,2023,First-Time Freshman,5.3,121,2.42,2.48,In-State,FALSE,14,2,2,2,57120,24500,Employed Full-Time,0.2,IT Analyst,IT Business & Product,Meridian National Systems,Federal Contracting,"Washington, DC Metro",77250,FALSE,Return Offer from Internship
CID-576538,Computer Science,Bachelor of Science,General,Spring 2025,2025,Transfer,2.7,121,2.20,2.14,In-State,FALSE,10,0,0,4,15560,5530,No Response,Not Applicable,Not Applicable,Not Applicable,Not Applicable,Not Applicable,Not Applicable,Not Applicable,Not Applicable,Not Applicable
CID-810421,Computer Science,Bachelor of Science,General,Spring 2019,2019,First-Time Freshman,7.3,122,3.28,3.30,In-State,FALSE,18,3,2,4,31140,22780,Employed Full-Time,1.0,Junior Security Engineer,Cybersecurity,CareBridge Technology,Healthcare & Life Sciences,"Columbia/Howard County, MD",94250,FALSE,Career Fair
CID-475430,Computer Science,Bachelor of Science,Software Engineering,Fall 2021,2021,First-Time Freshman,3.7,122,3.06,3.00,In-State,FALSE,13,2,3,1,28270,13490,Employed Full-Time,0.0,Junior Developer,Software Engineering,Catoctin Analytics Group,Federal Contracting,"Washington, DC Metro",81500,FALSE,Career Fair
CID-712082,Computer Science,Bachelor of Science,General,Spring 2022,2022,First-Time Freshman,3.3,122,3.50,3.56,In-State,FALSE,15,1,0,4,27730,18070,Employed Full-Time,0.3,Software Engineer I,Software Engineering,Dockside Logistics Systems,Logistics & Transportation,"Washington, DC Metro",95000,FALSE,Return Offer from Internship
CID-604948,Computer Science,Bachelor of Science,Data Science,Spring 2019,2019,Transfer,2.7,120,3.66,3.62,In-State,FALSE,13,1,0,3,10490,6110,Continuing Education,Not Applicable,Not Applicable,Not Applicable,Not Applicable,Not Applicable,Not Applicable,Not Applicable,Not Applicable,Not Applicable
CID-823726,Information Systems,Bachelor of Science,Business Analytics,Fall 2021,2021,First-Time Freshman,4.7,121,3.08,3.15,In-State,FALSE,6,0,0,0,30580,14310,Employed Full-Time,4.0,IT Analyst,IT Business & Product,Harbor Mutual Insurance,Insurance,"Baltimore, MD",54500,FALSE,Online Application
CID-355503,Information Systems,Master of Science,Health Information Technology,Spring 2026,2026,First-Time Freshman,7.3,121,3.33,3.60,In-State,TRUE,22,3,0,4,48260,44380,Employed Full-Time,0.1,Business Analyst,IT Business & Product,Antietam Systems Integration,Federal Contracting,"Washington, DC Metro",98500,FALSE,Return Offer from Internship
CID-366749,Computer Science,Bachelor of Science,Artificial Intelligence,Spring 2024,2024,Transfer,5.0,122,2.54,2.60,In-State,FALSE,12,0,1,1,17680,9600,No Response,Not Applicable,Not Applicable,Not Applicable,Not Applicable,Not Applicable,Not Applicable,Not Applicable,Not Applicable,Not Applicable
CID-350459,Computer Science,Bachelor of Science,Data Science,Spring 2026,2026,First-Time Freshman,8.3,110,2.31,2.14,In-State,FALSE,22,2,1,0,55000,29230,Employed Full-Time,0.0,Machine Learning Engineer I,Machine Learning & AI,Federal Health Data Office,Federal Government,"Baltimore, MD",76750,FALSE,Career Fair
CID-604268,Computer Science,Bachelor of Science,Software Engineering,Spring 2025,2025,First-Time Freshman,4.3,120,2.21,2.22,Out-of-State,FALSE,20,1,0,4,81890,18770,Employed Full-Time,5.4,Data Analyst,Data & Analytics,Potomac Mission Solutions,Federal Contracting,"Baltimore, MD",55250,FALSE,Personal Network
CID-578480,Computer Science,Bachelor of Science,General,Spring 2016,2016,First-Time Freshman,4.0,120,2.82,2.87,In-State,FALSE,16,1,0,1,29440,11720,Employed Full-Time,1.2,Associate Software Engineer,Software Engineering,Northwind Platform Co.,Software Products,"Boston, MA",94750,FALSE,Online Application
CID-371131,Computer Science,Bachelor of Science,General,Fall 2022,2022,Transfer,5.3,122,2.07,2.07,In-State,FALSE,11,0,0,0,17030,3710,No Response,Not Applicable,Not Applicable,Not Applicable,Not Applicable,Not Applicable,Not Applicable,Not Applicable,Not Applicable,Not Applicable
CID-390828,Information Systems,Bachelor of Science,Business Analytics,Fall 2016,2016,First-Time Freshman,4.0,121,3.57,3.50,In-State,FALSE,12,2,0,3,38270,11820,Employed Full-Time,0.2,Software Engineer I,Software Engineering,Parcel & Post Technologies,Logistics & Transportation,Northern Virginia,87000,FALSE,Return Offer from Internship
CID-100384,Information Systems,Bachelor of Science,General,Spring 2026,2026,First-Time Freshman,3.3,121,3.83,3.90,Out-of-State,FALSE,2,1,0,6,51530,35800,Employed Full-Time,0.3,IT Support Specialist,IT Support & Operations,Potomac Mission Solutions,Federal Contracting,"Columbia/Howard County, MD",82500,FALSE,Recruiter Outreach
CID-428694,Information Systems,Bachelor of Science,Business Analytics,Spring 2023,2023,First-Time Freshman,4.0,121,2.98,3.00,In-State,FALSE,0,2,1,2,48390,35500,No Response,Not Applicable,Not Applicable,Not Applicable,Not Applicable,Not Applicable,Not Applicable,Not Applicable,Not Applicable,Not Applicable
CID-551377,Computer Science,Bachelor of Science,Data Science,Fall 2018,2018,First-Time Freshman,4.0,122,3.00,2.95,In-State,FALSE,10,1,0,1,46800,27920,No Response,Not Applicable,Not Applicable,Not Applicable,Not Applicable,Not Applicable,Not Applicable,Not Applicable,Not Applicable,Not Applicable
CID-597245,Information Systems,Bachelor of Science,General,Fall 2022,2022,First-Time Freshman,4.0,121,2.85,2.80,Out-of-State,FALSE,18,1,0,2,54570,17240,Continuing Education,Not Applicable,Not Applicable,Not Applicable,Not Applicable,Not Applicable,Not Applicable,Not Applicable,Not Applicable,Not Applicable
CID-574621,Computer Science,Bachelor of Science,Software Engineering,Spring 2026,2026,First-Time Freshman,7.3,121,2.66,2.58,Out-of-State,FALSE,10,2,2,2,85230,52560,Employed Full-Time,0.6,Software Engineer I,Software Engineering,Catoctin Analytics Group,Federal Contracting,"Baltimore, MD",80500,FALSE,Personal Network
CID-931948,Computer Science,Bachelor of Science,Data Science,Fall 2016,2016,First-Time Freshman,3.7,120,3.21,3.12,In-State,FALSE,10,2,2,4,27180,18760,Employed Full-Time,0.4,Junior Developer,Software Engineering,Marketside Digital,E-Commerce & Retail Tech,"Baltimore, MD",72500,FALSE,Return Offer from Internship
CID-316026,Computer Science,Bachelor of Science,General,Spring 2016,2016,Transfer,5.0,122,2.81,2.84,In-State,FALSE,18,2,0,1,14640,6330,Employed Full-Time,1.7,Software Engineer I,Software Engineering,Catoctin Analytics Group,Federal Contracting,"Washington, DC Metro",59750,FALSE,Personal Network
CID-988517,Computer Science,Bachelor of Science,Cybersecurity,Spring 2017,2017,First-Time Freshman,4.0,120,2.85,2.95,In-State,FALSE,6,1,0,1,31650,22370,No Response,Not Applicable,Not Applicable,Not Applicable,Not Applicable,Not Applicable,Not Applicable,Not Applicable,Not Applicable,Not Applicable
CID-508507,Information Systems,Bachelor of Science,Cybersecurity Management,Spring 2026,2026,First-Time Freshman,4.7,118,2.43,2.47,In-State,FALSE,15,2,2,3,44220,29250,Employed Full-Time,3.6,Junior Data Analyst,Data & Analytics,Patapsco Aerospace,Defense & Aerospace,"Baltimore, MD",65750,FALSE,Career Fair
CID-694264,Computer Science,Bachelor of Science,General,Fall 2019,2019,First-Time Freshman,6.7,122,3.18,2.97,In-State,FALSE,23,0,2,4,14990,3190,No Response,Not Applicable,Not Applicable,Not Applicable,Not Applicable,Not Applicable,Not Applicable,Not Applicable,Not Applicable,Not Applicable
CID-972802,Computer Science,Bachelor of Science,Software Engineering,Spring 2024,2024,First-Time Freshman,4.0,122,2.54,2.41,In-State,FALSE,5,0,0,1,38230,16580,Still Seeking,Not Applicable,Not Applicable,Not Applicable,Not Applicable,Not Applicable,Not Applicable,Not Applicable,Not Applicable,Not Applicable
CID-183508,Information Systems,Bachelor of Science,Business Analytics,Spring 2021,2021,Transfer,2.0,120,2.75,2.76,In-State,FALSE,10,1,0,2,9530,3530,Employed Full-Time,0.2,Junior Data Analyst,Data & Analytics,Federal Health Data Office,Federal Government,"Columbia/Howard County, MD",59750,FALSE,Return Offer from Internship
CID-343688,Information Systems,Bachelor of Science,General,Fall 2024,2024,First-Time Freshman,4.3,121,3.39,3.25,In-State,FALSE,11,2,2,2,32760,29440,No Response,Not Applicable,Not Applicable,Not Applicable,Not Applicable,Not Applicable,Not Applicable,Not Applicable,Not Applicable,Not Applicable
CID-143389,Computer Science,Bachelor of Science,Cybersecurity,Fall 2020,2020,Transfer,2.3,120,3.39,3.56,In-State,FALSE,15,0,0,2,14380,4370,Employed Part-Time,7.3,Software Engineer I,Software Engineering,Tidewater Defense Group,Defense & Aerospace,"Washington, DC Metro",68250,FALSE,Personal Network
CID-791713,Computer Science,Bachelor of Science,Data Science,Fall 2015,2015,First-Time Freshman,3.3,121,3.31,3.42,In-State,FALSE,13,1,1,0,30000,12090,No Response,Not Applicable,Not Applicable,Not Applicable,Not Applicable,Not Applicable,Not Applicable,Not Applicable,Not Applicable,Not Applicable
CID-922958,Computer Science,Bachelor of Science,Cybersecurity,Fall 2025,2025,First-Time Freshman,5.3,122,2.87,2.78,Out-of-State,FALSE,15,1,1,1,41400,11550,Employed Part-Time,1.8,EHR Support Analyst,Health IT,Calvert Advisory Group,Consulting & Professional Services,Northern Virginia,104500,FALSE,Online Application
CID-501308,Computer Science,Master of Science,Cybersecurity,Spring 2019,2019,First-Time Freshman,3.3,122,3.83,3.81,In-State,TRUE,13,2,1,7,28790,28790,Employed Full-Time,0.0,Junior ML Engineer,Machine Learning & AI,Blue Heron Technologies,Federal Contracting,"Washington, DC Metro",85000,FALSE,Online Application
CID-599762,Computer Science,Bachelor of Science,Cybersecurity,Fall 2022,2022,First-Time Freshman,4.0,121,2.70,2.60,In-State,FALSE,12,2,1,2,52810,45390,Employed Full-Time,0.0,Junior Security Engineer,Cybersecurity,Tidewater Defense Group,Defense & Aerospace,"Washington, DC Metro",79500,FALSE,Recruiter Outreach
CID-361250,Computer Science,Bachelor of Science,Cybersecurity,Spring 2026,2026,First-Time Freshman,4.0,121,2.93,3.00,Out-of-State,FALSE,6,1,0,2,71780,57530,Employed Full-Time,1.6,Junior Data Analyst,Data & Analytics,Patapsco Aerospace,Defense & Aerospace,"Baltimore, MD",87250,FALSE,Online Application
CID-522070,Computer Science,Bachelor of Science,Software Engineering,Spring 2020,2020,First-Time Freshman,4.0,120,3.17,3.15,In-State,FALSE,18,0,0,0,38150,3020,No Response,Not Applicable,Not Applicable,Not Applicable,Not Applicable,Not Applicable,Not Applicable,Not Applicable,Not Applicable,Not Applicable
CID-957937,Information Systems,Bachelor of Science,Business Analytics,Spring 2022,2022,First-Time Freshman,4.3,121,2.93,2.95,Out-of-State,FALSE,6,1,0,1,86640,21730,Employed Full-Time,0.0,Junior Data Analyst,Data & Analytics,Federal Health Data Office,Federal Government,"Baltimore, MD",55250,FALSE,Faculty or Staff Referral
CID-654422,Computer Science,Bachelor of Science,Cybersecurity,Fall 2021,2021,Transfer,2.3,120,2.64,2.59,In-State,FALSE,6,1,0,1,12720,920,Still Seeking,Not Applicable,Not Applicable,Not Applicable,Not Applicable,Not Applicable,Not Applicable,Not Applicable,Not Applicable,Not Applicable
CID-602087,Information Systems,Bachelor of Science,Health Information Technology,Spring 2018,2018,First-Time Freshman,3.3,121,3.36,3.30,In-State,FALSE,4,1,2,3,36650,19050,Continuing Education,Not Applicable,Not Applicable,Not Applicable,Not Applicable,Not Applicable,Not Applicable,Not Applicable,Not Applicable,Not Applicable
CID-975903,Computer Science,Bachelor of Science,Software Engineering,Fall 2024,2024,Transfer,2.0,121,3.29,3.34,In-State,FALSE,4,0,0,2,14760,13170,Still Seeking,Not Applicable,Not Applicable,Not Applicable,Not Applicable,Not Applicable,Not Applicable,Not Applicable,Not Applicable,Not Applicable
CID-376458,Information Systems,Bachelor of Science,Software Development,Spring 2021,2021,First-Time Freshman,3.7,121,3.25,3.15,Out-of-State,FALSE,10,1,0,2,80090,23400,Employed Full-Time,0.4,Junior Systems Analyst,IT Business & Product,Harbor Mutual Insurance,Insurance,"Baltimore, MD",62500,TRUE,Career Fair
CID-131331,Computer Science,Bachelor of Science,General,Fall 2017,2017,Transfer,2.3,120,2.29,2.26,In-State,FALSE,5,1,0,7,10610,2030,Employed Full-Time,0.0,Junior Developer,Software Engineering,Allied Shield Insurance Group,Insurance,Northern Virginia,62000,FALSE,Return Offer from Internship
CID-580718,Information Systems,Bachelor of Science,Software Development,Fall 2019,2019,Transfer,4.3,121,2.83,2.79,In-State,FALSE,16,0,1,1,12700,8820,Employed Full-Time,3.4,SOC Analyst,Cybersecurity,Blue Heron Technologies,Federal Contracting,Northern Virginia,69750,TRUE,Personal Network
CID-961612,Information Systems,Bachelor of Science,General,Fall 2015,2015,First-Time Freshman,4.3,121,3.03,2.85,In-State,FALSE,8,2,1,7,34510,16890,Employed Full-Time,0.6,Business Analyst,IT Business & Product,Allied Shield Insurance Group,Insurance,"Baltimore, MD",69750,FALSE,Online Application
CID-907406,Information Systems,Bachelor of Science,Cybersecurity Management,Spring 2025,2025,First-Time Freshman,3.3,121,3.60,3.35,Out-of-State,FALSE,7,2,2,3,44990,0,Employed Full-Time,1.9,IT Analyst,IT Business & Product,Fidelis Capital Partners,Financial Services,Remote - United States,104500,TRUE,Online Application
CID-611883,Information Systems,Bachelor of Science,Business Analytics,Spring 2026,2026,Transfer,3.7,120,3.13,3.11,In-State,FALSE,20,2,1,5,16050,2540,Employed Full-Time,0.2,Junior Systems Analyst,IT Business & Product,Office of Technology Policy,Federal Government,"Washington, DC Metro",93000,FALSE,Return Offer from Internship
CID-611614,Computer Science,Bachelor of Science,Artificial Intelligence,Spring 2026,2026,First-Time Freshman,5.0,123,2.56,2.72,Out-of-State,FALSE,12,1,0,2,90570,36030,Military,Not Applicable,Not Applicable,Not Applicable,Not Applicable,Not Applicable,Not Applicable,Not Applicable,Not Applicable,Not Applicable
CID-110755,Information Systems,Bachelor of Science,General,Fall 2021,2021,Transfer,4.0,122,3.76,3.72,In-State,FALSE,17,1,0,0,11040,0,Employed Full-Time,0.1,Junior DevOps Engineer,Infrastructure & Cloud,Meridian National Systems,Federal Contracting,Northern Virginia,90750,FALSE,Personal Network
CID-565439,Computer Science,Bachelor of Science,Data Science,Spring 2022,2022,Transfer,3.0,122,3.56,3.51,In-State,FALSE,7,2,0,1,11180,5720,Employed Full-Time,0.0,Machine Learning Engineer I,Machine Learning & AI,Chesapeake Defense Systems,Defense & Aerospace,"Baltimore, MD",98750,FALSE,Career Fair
CID-642500,Computer Science,Bachelor of Science,Data Science,Spring 2020,2020,Transfer,2.0,120,3.43,3.58,Out-of-State,FALSE,0,1,2,2,23400,10460,Employed Part-Time,2.0,Systems Administrator,Infrastructure & Cloud,Sterling Ridge Consulting,Consulting & Professional Services,Other - United States,84000,FALSE,Online Application
CID-452182,Computer Science,Bachelor of Science,Software Engineering,Fall 2024,2024,Transfer,2.7,120,3.13,3.15,In-State,FALSE,22,1,0,1,10500,8690,Employed Full-Time,1.3,Systems Administrator,Infrastructure & Cloud,Patapsco Aerospace,Defense & Aerospace,"Washington, DC Metro",99500,FALSE,Faculty or Staff Referral
CID-967127,Computer Science,Bachelor of Science,Software Engineering,Spring 2022,2022,Transfer,2.7,120,3.45,3.34,In-State,FALSE,8,1,0,2,12570,12350,No Response,Not Applicable,Not Applicable,Not Applicable,Not Applicable,Not Applicable,Not Applicable,Not Applicable,Not Applicable,Not Applicable
CID-520855,Information Systems,Bachelor of Science,General,Spring 2020,2020,First-Time Freshman,4.3,121,2.27,2.50,In-State,FALSE,12,0,0,0,43910,20010,Employed Full-Time,10.3,Business Analyst,IT Business & Product,Pinnacle Bridge Partners,Consulting & Professional Services,"New York, NY",75250,FALSE,Personal Network
CID-415085,Computer Science,Bachelor of Science,Software Engineering,Spring 2022,2022,First-Time Freshman,3.7,120,3.30,3.25,In-State,FALSE,4,3,1,3,51710,27660,Employed Full-Time,0.0,Associate Software Engineer,Software Engineering,Meridian National Systems,Federal Contracting,"Washington, DC Metro",101000,FALSE,Personal Network
CID-955890,Information Systems,Bachelor of Science,Software Development,Spring 2025,2025,Transfer,3.7,120,2.83,2.94,In-State,FALSE,5,3,0,1,16090,10750,No Response,Not Applicable,Not Applicable,Not Applicable,Not Applicable,Not Applicable,Not Applicable,Not Applicable,Not Applicable,Not Applicable
CID-219318,Computer Science,Bachelor of Science,Software Engineering,Fall 2019,2019,Transfer,2.0,120,2.42,2.47,In-State,FALSE,8,0,0,1,11210,9280,Employed Full-Time,4.7,Help Desk Technician,IT Support & Operations,Chesapeake Defense Systems,Defense & Aerospace,"Washington, DC Metro",45250,FALSE,Online Application
CID-944835,Computer Science,Bachelor of Science,General,Fall 2023,2023,Transfer,2.7,122,3.76,3.79,In-State,FALSE,10,1,0,2,8470,5410,Continuing Education,Not Applicable,Not Applicable,Not Applicable,Not Applicable,Not Applicable,Not Applicable,Not Applicable,Not Applicable,Not Applicable
CID-990239,Information Systems,Bachelor of Science,Business Analytics,Fall 2022,2022,Transfer,3.3,120,3.18,3.28,In-State,FALSE,3,0,1,2,13040,8270,Employed Full-Time,2.6,Junior Data Analyst,Data & Analytics,Meridian National Systems,Federal Contracting,Northern Virginia,64500,TRUE,Personal Network
CID-965326,Information Systems,Bachelor of Science,Cybersecurity Management,Fall 2019,2019,First-Time Freshman,4.3,121,3.00,3.00,Out-of-State,FALSE,14,3,0,2,79590,42410,Employed Full-Time,0.3,Junior DevOps Engineer,Infrastructure & Cloud,Shoreline Retail Group,E-Commerce & Retail Tech,"Columbia/Howard County, MD",75250,FALSE,Return Offer from Internship
CID-506961,Information Systems,Bachelor of Science,Cybersecurity Management,Spring 2021,2021,Transfer,3.0,122,2.34,2.39,In-State,FALSE,13,2,0,0,15800,9560,Employed Full-Time,0.4,Data Analyst,Data & Analytics,Harbor Mutual Insurance,Insurance,Remote - United States,57000,TRUE,Return Offer from Internship
CID-271750,Information Systems,Bachelor of Science,Business Analytics,Spring 2021,2021,First-Time Freshman,3.7,121,3.34,3.30,In-State,FALSE,3,2,2,5,37960,20430,Employed Full-Time,0.0,Data Analyst,Data & Analytics,Harbor Mutual Insurance,Insurance,"Baltimore, MD",74750,FALSE,Career Fair
CID-535562,Information Systems,Master of Science,Business Analytics,Spring 2025,2025,Transfer,3.7,121,2.55,2.63,Out-of-State,TRUE,11,0,0,4,31900,18250,Employed Full-Time,4.7,SOC Analyst,Cybersecurity,Fidelis Capital Partners,Financial Services,"Columbia/Howard County, MD",89000,TRUE,Online Application
CID-168975,Information Systems,Bachelor of Science,Cybersecurity Management,Spring 2023,2023,First-Time Freshman,4.7,121,2.40,2.35,In-State,FALSE,20,2,2,2,58410,34920,Employed Full-Time,3.3,SOC Analyst,Cybersecurity,Chesapeake Defense Systems,Defense & Aerospace,"Baltimore, MD",78000,FALSE,Faculty or Staff Referral
CID-197542,Information Systems,Bachelor of Science,Cybersecurity Management,Spring 2015,2015,First-Time Freshman,3.7,121,3.81,3.85,Out-of-State,FALSE,13,1,1,1,53280,43850,Still Seeking,Not Applicable,Not Applicable,Not Applicable,Not Applicable,Not Applicable,Not Applicable,Not Applicable,Not Applicable,Not Applicable
CID-974718,Information Systems,Bachelor of Science,Cybersecurity Management,Fall 2015,2015,Transfer,2.0,122,3.42,3.44,In-State,FALSE,14,0,0,0,12190,5150,Employed Full-Time,4.0,Data Analyst,Data & Analytics,Chesapeake Defense Systems,Defense & Aerospace,"Columbia/Howard County, MD",51750,FALSE,Online Application
CID-109900,Information Systems,Bachelor of Science,Software Development,Spring 2026,2026,Transfer,2.3,120,2.64,2.47,In-State,FALSE,7,1,0,2,15660,3750,Still Seeking,Not Applicable,Not Applicable,Not Applicable,Not Applicable,Not Applicable,Not Applicable,Not Applicable,Not Applicable,Not Applicable
CID-872171,Computer Science,Bachelor of Science,Data Science,Spring 2025,2025,First-Time Freshman,7.0,123,2.91,2.78,In-State,FALSE,15,2,0,2,60320,31350,Employed Full-Time,0.5,Junior DevOps Engineer,Infrastructure & Cloud,Vantage Point Applications,Software Products,"Baltimore, MD",92500,FALSE,Alumni Network
CID-663615,Computer Science,Bachelor of Science,Data Science,Spring 2019,2019,First-Time Freshman,7.3,123,2.92,2.80,In-State,FALSE,14,0,0,1,33830,12800,Still Seeking,Not Applicable,Not Applicable,Not Applicable,Not Applicable,Not Applicable,Not Applicable,Not Applicable,Not Applicable,Not Applicable
CID-704699,Computer Science,Bachelor of Science,Cybersecurity,Spring 2023,2023,First-Time Freshman,6.0,122,3.05,3.00,Out-of-State,FALSE,16,1,0,2,79280,34510,Continuing Education,Not Applicable,Not Applicable,Not Applicable,Not Applicable,Not Applicable,Not Applicable,Not Applicable,Not Applicable,Not Applicable
CID-132298,Information Systems,Bachelor of Science,General,Fall 2021,2021,Transfer,2.7,120,3.77,3.82,In-State,FALSE,3,2,0,3,5670,3720,Employed Full-Time,0.1,Junior DevOps Engineer,Infrastructure & Cloud,Blue Heron Technologies,Federal Contracting,"Baltimore, MD",81250,FALSE,Return Offer from Internship
CID-375003,Information Systems,Bachelor of Science,General,Fall 2022,2022,First-Time Freshman,4.3,121,2.87,2.75,Out-of-State,FALSE,10,0,1,2,100050,50650,Employed Part-Time,2.2,IT Analyst,IT Business & Product,National Data Services Agency,Federal Government,Northern Virginia,64750,FALSE,Alumni Network
CID-817644,Computer Science,Bachelor of Science,General,Spring 2023,2023,First-Time Freshman,5.0,122,2.57,2.60,In-State,FALSE,6,1,0,3,57270,5610,Employed Full-Time,1.7,Junior Data Analyst,Data & Analytics,Allied Shield Insurance Group,Insurance,Remote - United States,65500,TRUE,Online Application
CID-714973,Computer Science,Bachelor of Science,General,Spring 2026,2026,First-Time Freshman,3.7,114,2.31,2.28,Out-of-State,FALSE,23,0,0,1,99720,34760,Employed Full-Time,3.6,Business Analyst,IT Business & Product,Sterling Ridge Consulting,Consulting & Professional Services,"Washington, DC Metro",82500,FALSE,Online Application
CID-221502,Information Systems,Bachelor of Science,General,Spring 2016,2016,First-Time Freshman,3.3,121,3.95,3.90,Out-of-State,FALSE,15,1,0,1,13240,1870,Employed Full-Time,0.5,Software Engineer I,Software Engineering,Quarry Road Software,Software Products,"Baltimore, MD",74750,FALSE,Online Application
CID-395317,Computer Science,Bachelor of Science,Software Engineering,Spring 2023,2023,First-Time Freshman,7.7,122,2.41,2.38,In-State,FALSE,20,1,0,2,52780,29910,Employed Full-Time,2.8,Software Engineer I,Software Engineering,Meridian National Systems,Federal Contracting,"Baltimore, MD",64250,FALSE,Recruiter Outreach
CID-651410,Computer Science,Bachelor of Science,General,Spring 2018,2018,First-Time Freshman,3.7,120,3.39,3.37,In-State,FALSE,7,1,1,3,16790,7000,Employed Full-Time,1.6,Machine Learning Engineer I,Machine Learning & AI,Civic Code Alliance,Nonprofit & Civic Tech,"Washington, DC Metro",59750,FALSE,Career Fair
CID-945641,Computer Science,Bachelor of Science,General,Fall 2021,2021,Transfer,2.3,121,3.38,3.32,In-State,FALSE,10,0,3,1,14680,2750,Continuing Education,Not Applicable,Not Applicable,Not Applicable,Not Applicable,Not Applicable,Not Applicable,Not Applicable,Not Applicable,Not Applicable
CID-908721,Information Systems,Bachelor of Science,General,Spring 2025,2025,First-Time Freshman,4.3,121,2.54,2.65,In-State,FALSE,16,1,0,2,34620,28250,Employed Full-Time,0.5,EHR Support Analyst,Health IT,Northfield Biosciences,Healthcare & Life Sciences,Northern Virginia,79000,FALSE,Return Offer from Internship
CID-214535,Computer Science,Bachelor of Science,Cybersecurity,Fall 2021,2021,Transfer,1.7,126,2.52,2.38,Out-of-State,FALSE,10,0,0,0,24400,3490,Employed Full-Time,3.2,Junior Developer,Software Engineering,Maryland Department of IT,Federal Government,Northern Virginia,51000,TRUE,Student Organization Connection
CID-200881,Computer Science,Bachelor of Science,General,Spring 2022,2022,First-Time Freshman,3.7,120,2.98,2.75,In-State,FALSE,6,2,2,1,46030,33810,Employed Full-Time,0.0,Junior Systems Analyst,IT Business & Product,Meridian National Systems,Federal Contracting,"Baltimore, MD",91500,FALSE,Online Application
CID-678738,Computer Science,Bachelor of Science,General,Spring 2024,2024,Transfer,2.3,120,3.00,3.02,In-State,FALSE,7,0,0,0,15660,12370,Employed Full-Time,7.6,Data Analyst,Data & Analytics,Keystone Federal Services,Federal Contracting,"Baltimore, MD",65750,FALSE,Online Application
CID-604402,Computer Science,Master of Science,Data Science,Spring 2025,2025,First-Time Freshman,3.3,120,3.09,3.10,In-State,TRUE,6,0,0,1,43170,20890,No Response,Not Applicable,Not Applicable,Not Applicable,Not Applicable,Not Applicable,Not Applicable,Not Applicable,Not Applicable,Not Applicable
CID-597444,Computer Science,Bachelor of Science,General,Spring 2021,2021,First-Time Freshman,4.3,120,2.07,1.96,In-State,FALSE,5,1,0,0,44630,20380,Employed Full-Time,0.1,Junior Data Analyst,Data & Analytics,Blue Heron Technologies,Federal Contracting,"Columbia/Howard County, MD",64250,FALSE,Return Offer from Internship
CID-235395,Computer Science,Bachelor of Science,Cybersecurity,Spring 2018,2018,First-Time Freshman,3.7,120,3.10,3.13,In-State,FALSE,0,1,0,1,32790,32790,Employed Full-Time,2.1,Security Analyst I,Cybersecurity,Patapsco Aerospace,Defense & Aerospace,"Baltimore, MD",87750,FALSE,Online Application
CID-431548,Information Systems,Bachelor of Science,General,Spring 2022,2022,Transfer,4.3,120,3.40,3.33,In-State,FALSE,22,1,0,1,18830,10170,Employed Full-Time,0.6,Security Analyst I,Cybersecurity,Tidewater Defense Group,Defense & Aerospace,Remote - United States,82500,TRUE,Recruiter Outreach
CID-754724,Information Systems,Bachelor of Science,General,Spring 2025,2025,First-Time Freshman,4.0,121,3.13,3.20,In-State,FALSE,6,1,0,5,44230,18560,No Response,Not Applicable,Not Applicable,Not Applicable,Not Applicable,Not Applicable,Not Applicable,Not Applicable,Not Applicable,Not Applicable
CID-734785,Computer Science,Bachelor of Science,Data Science,Fall 2022,2022,First-Time Freshman,4.0,120,2.39,2.52,In-State,FALSE,9,1,0,6,38770,7460,Employed Full-Time,0.1,Data Analyst,Data & Analytics,Marketside Digital,E-Commerce & Retail Tech,Remote - United States,77250,TRUE,Return Offer from Internship
CID-792211,Information Systems,Bachelor of Science,Cybersecurity Management,Fall 2018,2018,Transfer,3.3,121,3.30,3.33,In-State,FALSE,1,1,1,7,16240,5240,Employed Full-Time,1.0,Security Analyst I,Cybersecurity,Federal Health Data Office,Federal Government,"Baltimore, MD",66250,FALSE,Online Application
CID-661258,Information Systems,Bachelor of Science,Cybersecurity Management,Fall 2023,2023,First-Time Freshman,4.0,121,3.43,3.35,In-State,FALSE,4,2,1,3,28500,7990,No Response,Not Applicable,Not Applicable,Not Applicable,Not Applicable,Not Applicable,Not Applicable,Not Applicable,Not Applicable,Not Applicable
CID-927790,Information Systems,Bachelor of Science,Health Information Technology,Spring 2020,2020,First-Time Freshman,4.3,121,3.41,3.38,In-State,FALSE,15,2,0,1,33520,16920,No Response,Not Applicable,Not Applicable,Not Applicable,Not Applicable,Not Applicable,Not Applicable,Not Applicable,Not Applicable,Not Applicable
CID-114162,Information Systems,Bachelor of Science,Cybersecurity Management,Fall 2024,2024,First-Time Freshman,5.0,121,2.44,2.70,In-State,FALSE,25,0,1,1,46290,12230,No Response,Not Applicable,Not Applicable,Not Applicable,Not Applicable,Not Applicable,Not Applicable,Not Applicable,Not Applicable,Not Applicable
CID-960336,Information Systems,Bachelor of Science,Software Development,Spring 2024,2024,First-Time Freshman,4.0,121,3.40,3.40,In-State,FALSE,6,1,2,5,42030,27030,Employed Full-Time,3.6,Health Data Analyst,Health IT,Greenspring Health Systems,Healthcare & Life Sciences,"Baltimore, MD",76000,FALSE,Online Application
CID-705511,Information Systems,Bachelor of Science,Software Development,Fall 2024,2024,Transfer,4.0,120,2.32,2.37,In-State,FALSE,12,1,0,3,16830,7850,Employed Full-Time,3.5,Junior Security Engineer,Cybersecurity,Federal Health Data Office,Federal Government,"Baltimore, MD",65500,FALSE,Online Application
CID-251534,Computer Science,Bachelor of Science,General,Spring 2026,2026,First-Time Freshman,7.7,120,2.76,2.76,In-State,FALSE,20,1,2,5,65500,18700,Still Seeking,Not Applicable,Not Applicable,Not Applicable,Not Applicable,Not Applicable,Not Applicable,Not Applicable,Not Applicable,Not Applicable
CID-808384,Computer Science,Bachelor of Science,Cybersecurity,Spring 2019,2019,Transfer,2.0,122,3.28,3.36,In-State,FALSE,0,1,0,4,9750,0,Employed Full-Time,0.4,Business Intelligence Analyst,Data & Analytics,Tessellate Labs,Software Products,"Baltimore, MD",67500,FALSE,Student Organization Connection
CID-595715,Information Systems,Bachelor of Science,Business Analytics,Spring 2017,2017,Transfer,2.3,120,2.92,3.00,In-State,FALSE,6,1,0,1,10820,4740,Employed Full-Time,3.3,Health Data Analyst,Health IT,Potomac Mission Solutions,Federal Contracting,"Washington, DC Metro",54250,FALSE,Personal Network
CID-272066,Information Systems,Bachelor of Science,General,Spring 2019,2019,First-Time Freshman,3.7,121,3.70,3.65,Out-of-State,FALSE,12,2,2,4,76630,53100,No Response,Not Applicable,Not Applicable,Not Applicable,Not Applicable,Not Applicable,Not Applicable,Not Applicable,Not Applicable,Not Applicable
CID-209773,Computer Science,Bachelor of Science,Artificial Intelligence,Fall 2025,2025,First-Time Freshman,4.0,120,2.46,2.65,In-State,FALSE,9,2,0,2,33480,5830,Employed Full-Time,4.6,SOC Analyst,Cybersecurity,Tidal Power Cooperative,Energy & Utilities,"Washington, DC Metro",75000,FALSE,Online Application
CID-241148,Computer Science,Bachelor of Science,Data Science,Spring 2017,2017,First-Time Freshman,4.3,122,3.26,3.28,In-State,FALSE,12,0,0,2,21480,14140,Continuing Education,Not Applicable,Not Applicable,Not Applicable,Not Applicable,Not Applicable,Not Applicable,Not Applicable,Not Applicable,Not Applicable
CID-409905,Information Systems,Bachelor of Science,General,Spring 2023,2023,First-Time Freshman,3.7,121,3.25,3.10,In-State,FALSE,12,0,0,1,28180,8810,Employed Full-Time,4.2,Desktop Support Analyst,IT Support & Operations,Calvert Advisory Group,Consulting & Professional Services,"Columbia/Howard County, MD",65250,TRUE,Personal Network
CID-687654,Computer Science,Bachelor of Science,Data Science,Spring 2025,2025,Transfer,2.7,120,2.89,2.88,In-State,FALSE,11,1,0,0,20300,1420,Employed Full-Time,2.4,Associate Software Engineer,Software Engineering,Monument Bank Technology,Financial Services,"Columbia/Howard County, MD",73250,TRUE,Recruiter Outreach
CID-715086,Computer Science,Bachelor of Science,Cybersecurity,Spring 2021,2021,Transfer,2.3,121,3.30,3.39,In-State,FALSE,11,1,0,2,10340,10250,Employed Full-Time,0.0,Junior Systems Analyst,IT Business & Product,Maryland Department of IT,Federal Government,"Baltimore, MD",59750,FALSE,Return Offer from Internship
CID-703878,Information Systems,Bachelor of Science,Business Analytics,Fall 2023,2023,First-Time Freshman,5.0,121,2.79,2.80,In-State,FALSE,21,1,0,1,34860,27280,Still Seeking,Not Applicable,Not Applicable,Not Applicable,Not Applicable,Not Applicable,Not Applicable,Not Applicable,Not Applicable,Not Applicable
CID-624439,Computer Science,Bachelor of Science,Data Science,Spring 2020,2020,First-Time Freshman,4.0,121,3.14,3.22,Out-of-State,FALSE,6,3,0,5,85850,57130,Continuing Education,Not Applicable,Not Applicable,Not Applicable,Not Applicable,Not Applicable,Not Applicable,Not Applicable,Not Applicable,Not Applicable
CID-551387,Computer Science,Bachelor of Science,Artificial Intelligence,Fall 2024,2024,First-Time Freshman,4.0,122,2.90,2.94,In-State,FALSE,1,1,3,0,35930,15510,Employed Full-Time,0.7,Cloud Support Engineer,Infrastructure & Cloud,Parcel & Post Technologies,Logistics & Transportation,"Baltimore, MD",96250,FALSE,Return Offer from Internship
CID-808334,Computer Science,Bachelor of Science,General,Spring 2018,2018,Transfer,2.3,120,2.06,2.23,In-State,FALSE,9,1,0,3,12070,4420,Still Seeking,Not Applicable,Not Applicable,Not Applicable,Not Applicable,Not Applicable,Not Applicable,Not Applicable,Not Applicable,Not Applicable
CID-333035,Computer Science,Bachelor of Science,Data Science,Spring 2022,2022,Transfer,2.7,120,2.96,3.10,In-State,FALSE,7,0,1,3,9280,2730,Employed Full-Time,0.0,Software Engineer I,Software Engineering,Beacon Telecom Services,Telecommunications,"Washington, DC Metro",86750,TRUE,Online Application
CID-714802,Computer Science,Bachelor of Science,General,Fall 2025,2025,Transfer,2.0,122,2.74,2.61,In-State,FALSE,0,0,0,3,17130,7820,Employed Full-Time,4.2,Business Intelligence Analyst,Data & Analytics,Chesapeake Defense Systems,Defense & Aerospace,"Washington, DC Metro",67000,FALSE,Online Application
CID-514806,Computer Science,Bachelor of Science,General,Summer 2023,2023,First-Time Freshman,4.0,122,3.36,3.20,Out-of-State,FALSE,15,2,0,5,78000,40160,Continuing Education,Not Applicable,Not Applicable,Not Applicable,Not Applicable,Not Applicable,Not Applicable,Not Applicable,Not Applicable,Not Applicable
CID-552074,Information Systems,Bachelor of Science,Software Development,Spring 2021,2021,Transfer,2.3,121,2.86,2.82,In-State,FALSE,1,0,0,1,9000,2400,Employed Full-Time,1.0,EHR Support Analyst,Health IT,Keystone Federal Services,Federal Contracting,"Washington, DC Metro",55750,TRUE,Student Organization Connection
CID-739198,Computer Science,Bachelor of Science,Software Engineering,Fall 2023,2023,Transfer,5.0,122,2.94,2.89,In-State,FALSE,27,1,1,1,16180,11170,No Response,Not Applicable,Not Applicable,Not Applicable,Not Applicable,Not Applicable,Not Applicable,Not Applicable,Not Applicable,Not Applicable
CID-585942,Computer Science,Bachelor of Science,Software Engineering,Spring 2026,2026,First-Time Freshman,4.7,121,2.74,2.77,In-State,FALSE,19,3,2,1,32430,7610,Continuing Education,Not Applicable,Not Applicable,Not Applicable,Not Applicable,Not Applicable,Not Applicable,Not Applicable,Not Applicable,Not Applicable
CID-875053,Computer Science,Bachelor of Science,Software Engineering,Spring 2025,2025,First-Time Freshman,3.3,121,3.39,3.41,Out-of-State,FALSE,6,0,0,3,83420,37450,Employed Full-Time,6.8,Software Engineer I,Software Engineering,Allied Shield Insurance Group,Insurance,"Columbia/Howard County, MD",74000,FALSE,Personal Network
CID-237960,Computer Science,Bachelor of Science,Cybersecurity,Fall 2024,2024,First-Time Freshman,4.0,120,3.38,3.33,In-State,FALSE,11,1,0,3,42080,12800,No Response,Not Applicable,Not Applicable,Not Applicable,Not Applicable,Not Applicable,Not Applicable,Not Applicable,Not Applicable,Not Applicable
CID-444621,Information Systems,Bachelor of Science,General,Spring 2016,2016,First-Time Freshman,3.7,121,3.00,3.00,In-State,FALSE,16,1,0,1,34340,19280,Employed Full-Time,2.2,Junior DevOps Engineer,Infrastructure & Cloud,Parcel & Post Technologies,Logistics & Transportation,Northern Virginia,68500,FALSE,Online Application
CID-374182,Computer Science,Bachelor of Science,Data Science,Fall 2024,2024,First-Time Freshman,4.7,122,3.32,3.11,In-State,FALSE,1,2,1,1,39680,13830,Still Seeking,Not Applicable,Not Applicable,Not Applicable,Not Applicable,Not Applicable,Not Applicable,Not Applicable,Not Applicable,Not Applicable
CID-925623,Computer Science,Bachelor of Science,Data Science,Spring 2023,2023,First-Time Freshman,3.3,120,2.40,2.57,In-State,FALSE,7,0,0,5,46160,30990,Employed Full-Time,4.9,Junior Data Analyst,Data & Analytics,Office of Technology Policy,Federal Government,"Washington, DC Metro",60500,FALSE,Recruiter Outreach
CID-566531,Computer Science,Bachelor of Science,Data Science,Spring 2020,2020,First-Time Freshman,3.3,120,3.40,3.39,In-State,FALSE,1,2,1,2,36560,25090,Employed Full-Time,0.2,Machine Learning Engineer I,Machine Learning & AI,Tidewater Defense Group,Defense & Aerospace,Remote - United States,87250,TRUE,Return Offer from Internship
CID-239648,Computer Science,Bachelor of Science,General,Spring 2025,2025,First-Time Freshman,7.0,120,2.77,2.59,Out-of-State,FALSE,23,1,0,3,90990,27710,Continuing Education,Not Applicable,Not Applicable,Not Applicable,Not Applicable,Not Applicable,Not Applicable,Not Applicable,Not Applicable,Not Applicable
CID-296309,Information Systems,Bachelor of Science,General,Spring 2023,2023,Transfer,3.3,121,2.82,2.72,In-State,FALSE,13,0,0,2,17010,4230,No Response,Not Applicable,Not Applicable,Not Applicable,Not Applicable,Not Applicable,Not Applicable,Not Applicable,Not Applicable,Not Applicable
CID-113906,Information Systems,Bachelor of Science,Software Development,Spring 2025,2025,First-Time Freshman,4.0,121,2.87,2.85,In-State,FALSE,16,2,0,7,36840,28610,Employed Full-Time,1.3,Cloud Support Engineer,Infrastructure & Cloud,Beacon Telecom Services,Telecommunications,Northern Virginia,86500,FALSE,Student Organization Connection
CID-489235,Computer Science,Bachelor of Science,Data Science,Fall 2015,2015,Transfer,2.0,121,2.67,2.75,In-State,FALSE,14,0,0,2,11070,5220,Employed Part-Time,5.5,Junior Developer,Software Engineering,Shoreline Retail Group,E-Commerce & Retail Tech,"Baltimore, MD",50000,FALSE,Online Application
CID-341838,Information Systems,Bachelor of Science,Cybersecurity Management,Spring 2026,2026,First-Time Freshman,4.3,121,3.09,3.00,In-State,FALSE,6,1,0,4,41070,30280,Continuing Education,Not Applicable,Not Applicable,Not Applicable,Not Applicable,Not Applicable,Not Applicable,Not Applicable,Not Applicable,Not Applicable
CID-922231,Information Systems,Bachelor of Science,Health Information Technology,Fall 2015,2015,Transfer,2.0,122,3.16,3.12,In-State,FALSE,2,1,0,3,8200,580,No Response,Not Applicable,Not Applicable,Not Applicable,Not Applicable,Not Applicable,Not Applicable,Not Applicable,Not Applicable,Not Applicable
CID-316983,Computer Science,Bachelor of Science,Software Engineering,Spring 2016,2016,Transfer,2.3,120,3.21,3.04,In-State,FALSE,10,0,3,6,13690,10160,Employed Part-Time,1.3,Junior Developer,Software Engineering,Arbor Peak Technologies,Software Products,Northern Virginia,67500,FALSE,Personal Network
CID-895954,Computer Science,Master of Science,General,Spring 2020,2020,Transfer,2.0,121,2.96,3.00,In-State,TRUE,13,0,0,4,10280,3070,Employed Full-Time,5.5,Security Analyst I,Cybersecurity,Catoctin Analytics Group,Federal Contracting,"Baltimore, MD",59750,FALSE,Online Application
CID-974852,Information Systems,Bachelor of Science,Health Information Technology,Spring 2015,2015,First-Time Freshman,4.0,121,3.64,3.70,In-State,FALSE,3,2,2,5,26250,11580,Employed Full-Time,0.0,Cloud Support Engineer,Infrastructure & Cloud,Bayview Medical Informatics,Healthcare & Life Sciences,"Washington, DC Metro",93000,FALSE,Student Organization Connection
CID-144966,Computer Science,Bachelor of Science,Cybersecurity,Spring 2022,2022,First-Time Freshman,3.7,121,2.60,2.52,In-State,FALSE,4,0,0,2,42650,14310,Employed Full-Time,0.0,Desktop Support Analyst,IT Support & Operations,Tidewater Defense Group,Defense & Aerospace,"Baltimore, MD",52000,FALSE,Recruiter Outreach
CID-403535,Information Systems,Bachelor of Science,Business Analytics,Spring 2025,2025,First-Time Freshman,3.7,121,2.56,2.40,In-State,FALSE,15,1,0,1,45980,8490,Employed Full-Time,3.8,Clinical Systems Analyst,Health IT,Chesapeake Community College,Higher Education,Northern Virginia,49250,FALSE,Online Application
CID-443846,Computer Science,Bachelor of Science,Artificial Intelligence,Spring 2026,2026,Transfer,3.0,119,2.38,2.35,In-State,FALSE,14,1,0,7,20810,8420,No Response,Not Applicable,Not Applicable,Not Applicable,Not Applicable,Not Applicable,Not Applicable,Not Applicable,Not Applicable,Not Applicable
CID-469922,Information Systems,Bachelor of Science,Health Information Technology,Spring 2018,2018,Transfer,2.3,121,2.93,2.94,In-State,FALSE,9,1,2,0,8810,4370,Employed Full-Time,0.5,Junior Systems Analyst,IT Business & Product,Maryland Department of IT,Federal Government,"Washington, DC Metro",59750,FALSE,Personal Network
CID-617961,Information Systems,Bachelor of Science,Cybersecurity Management,Fall 2019,2019,Transfer,5.7,121,2.82,2.89,In-State,FALSE,23,1,1,3,18170,13060,Employed Full-Time,0.8,Associate Software Engineer,Software Engineering,Patapsco Aerospace,Defense & Aerospace,"Columbia/Howard County, MD",70750,FALSE,Career Fair
CID-820704,Computer Science,Bachelor of Science,General,Spring 2019,2019,First-Time Freshman,4.0,120,3.44,3.53,In-State,FALSE,11,2,3,3,27250,13640,Employed Full-Time,0.3,Cloud Support Engineer,Infrastructure & Cloud,Lumen Grid Software,Software Products,"Raleigh-Durham, NC",85250,FALSE,Return Offer from Internship
CID-770215,Computer Science,Bachelor of Science,Cybersecurity,Spring 2021,2021,Transfer,3.3,120,2.39,2.43,In-State,FALSE,21,1,0,3,17260,0,Employed Full-Time,1.1,Junior Security Engineer,Cybersecurity,Patapsco Aerospace,Defense & Aerospace,Remote - United States,95250,TRUE,Career Fair
CID-157249,Information Systems,Bachelor of Science,Health Information Technology,Spring 2022,2022,Transfer,3.3,121,2.92,2.94,In-State,FALSE,1,0,0,3,13010,8840,Employed Full-Time,2.8,IT Analyst,IT Business & Product,Chesapeake Community College,Higher Education,"Baltimore, MD",49000,FALSE,Online Application
CID-318597,Computer Science,Bachelor of Science,Software Engineering,Fall 2016,2016,Transfer,2.7,122,3.45,3.62,In-State,FALSE,6,1,2,0,13430,9830,Employed Full-Time,0.5,Junior Developer,Software Engineering,Chesapeake Defense Systems,Defense & Aerospace,"Washington, DC Metro",87500,FALSE,Return Offer from Internship
CID-880007,Computer Science,Bachelor of Science,Cybersecurity,Spring 2024,2024,Transfer,2.7,121,3.12,2.98,In-State,FALSE,15,1,0,3,17050,10160,Employed Full-Time,1.4,Junior Data Analyst,Data & Analytics,Calvert Advisory Group,Consulting & Professional Services,"Baltimore, MD",71500,FALSE,Student Organization Connection
CID-620836,Computer Science,Bachelor of Science,Cybersecurity,Fall 2019,2019,First-Time Freshman,4.7,122,3.46,3.35,In-State,FALSE,3,3,2,0,28500,28080,No Response,Not Applicable,Not Applicable,Not Applicable,Not Applicable,Not Applicable,Not Applicable,Not Applicable,Not Applicable,Not Applicable
CID-578481,Computer Science,Bachelor of Science,Data Science,Fall 2017,2017,First-Time Freshman,4.0,120,2.51,2.39,In-State,FALSE,8,1,1,4,39410,30940,Employed Full-Time,1.8,Business Intelligence Analyst,Data & Analytics,Pinnacle Bridge Partners,Consulting & Professional Services,"Washington, DC Metro",64250,FALSE,Personal Network
CID-585479,Information Systems,Bachelor of Science,Health Information Technology,Spring 2018,2018,Transfer,3.3,121,2.84,2.89,In-State,FALSE,4,1,2,2,18910,13940,No Response,Not Applicable,Not Applicable,Not Applicable,Not Applicable,Not Applicable,Not Applicable,Not Applicable,Not Applicable,Not Applicable
CID-191115,Information Systems,Master of Science,Business Analytics,Fall 2015,2015,Transfer,3.0,120,3.23,3.32,In-State,TRUE,3,0,0,2,10930,6070,No Response,Not Applicable,Not Applicable,Not Applicable,Not Applicable,Not Applicable,Not Applicable,Not Applicable,Not Applicable,Not Applicable
CID-617533,Computer Science,Bachelor of Science,General,Fall 2023,2023,First-Time Freshman,4.0,122,3.23,3.24,Out-of-State,FALSE,6,2,0,0,79950,38830,Employed Part-Time,1.0,Cloud Support Engineer,Infrastructure & Cloud,Blue Heron Technologies,Federal Contracting,Remote - United States,96000,TRUE,Online Application
CID-617651,Computer Science,Bachelor of Science,General,Fall 2018,2018,Transfer,2.0,124,2.50,2.49,In-State,FALSE,10,0,0,1,11580,4270,Still Seeking,Not Applicable,Not Applicable,Not Applicable,Not Applicable,Not Applicable,Not Applicable,Not Applicable,Not Applicable,Not Applicable
CID-673053,Computer Science,Bachelor of Science,Cybersecurity,Spring 2019,2019,First-Time Freshman,4.0,122,3.16,2.97,Out-of-State,FALSE,15,2,0,3,49730,31480,Employed Full-Time,2.7,Associate Software Engineer,Software Engineering,Cartway Commerce,E-Commerce & Retail Tech,"Boston, MA",94500,FALSE,Recruiter Outreach
CID-475869,Computer Science,Bachelor of Science,Cybersecurity,Spring 2026,2026,First-Time Freshman,4.3,123,2.21,2.23,Out-of-State,FALSE,17,1,0,2,108670,108670,Employed Full-Time,0.9,Junior Developer,Software Engineering,Stratus Cloud Works,Cloud & Infrastructure,Northern Virginia,89500,FALSE,Career Fair
CID-914513,Information Systems,Bachelor of Science,Software Development,Fall 2015,2015,Transfer,3.3,122,3.07,3.11,In-State,FALSE,3,0,0,5,12980,9550,Employed Full-Time,2.4,Junior Security Engineer,Cybersecurity,Clearfield Assurance,Cybersecurity Services,"Baltimore, MD",82000,FALSE,Recruiter Outreach
CID-517054,Computer Science,Bachelor of Science,General,Fall 2024,2024,First-Time Freshman,3.7,120,3.40,3.37,In-State,FALSE,11,1,0,3,50100,14030,Employed Full-Time,0.1,Security Analyst I,Cybersecurity,Cartway Commerce,E-Commerce & Retail Tech,"Washington, DC Metro",118000,FALSE,Return Offer from Internship
CID-411105,Computer Science,Bachelor of Science,Cybersecurity,Fall 2017,2017,First-Time Freshman,4.0,121,3.64,3.60,In-State,FALSE,3,2,2,2,29160,11240,Employed Full-Time,0.6,Software Engineer I,Software Engineering,Northwind Platform Co.,Software Products,Northern Virginia,98750,FALSE,Career Fair
CID-518654,Computer Science,Bachelor of Science,General,Spring 2026,2026,Transfer,2.3,122,3.22,3.08,In-State,FALSE,7,1,0,3,12060,12060,Employed Full-Time,0.3,Junior Systems Analyst,IT Business & Product,Antietam Systems Integration,Federal Contracting,"Baltimore, MD",75000,FALSE,Career Fair
CID-990467,Computer Science,Master of Science,Software Engineering,Spring 2022,2022,First-Time Freshman,4.7,122,3.16,3.08,In-State,FALSE,1,0,0,2,25730,23090,Employed Full-Time,1.6,SOC Analyst,Cybersecurity,Maryland Department of IT,Federal Government,"Baltimore, MD",63500,FALSE,Personal Network
CID-593404,Computer Science,Bachelor of Science,Data Science,Spring 2025,2025,Transfer,2.3,122,2.95,2.85,In-State,FALSE,23,1,3,3,7380,5500,Employed Full-Time,5.8,Junior Data Analyst,Data & Analytics,Marketside Digital,E-Commerce & Retail Tech,"Columbia/Howard County, MD",73000,FALSE,Personal Network
CID-541349,Computer Science,Bachelor of Science,Software Engineering,Spring 2022,2022,Transfer,2.7,121,3.43,3.49,Out-of-State,FALSE,7,2,1,7,25220,21900,Employed Full-Time,0.2,Junior Developer,Software Engineering,Redoubt Security Partners,Cybersecurity Services,"Baltimore, MD",86500,FALSE,Return Offer from Internship
CID-871071,Information Systems,Bachelor of Science,Health Information Technology,Fall 2015,2015,Transfer,2.7,120,2.94,2.88,In-State,FALSE,11,1,0,3,18230,11880,Employed Full-Time,2.1,IT Support Specialist,IT Support & Operations,Chesapeake Community College,Higher Education,"Columbia/Howard County, MD",34250,FALSE,Recruiter Outreach
CID-194183,Computer Science,Bachelor of Science,Data Science,Fall 2025,2025,First-Time Freshman,4.3,122,3.57,3.57,Out-of-State,FALSE,7,1,0,1,64210,0,Employed Full-Time,1.3,Data Analyst,Data & Analytics,Continental Wireless,Telecommunications,"Columbia/Howard County, MD",93500,FALSE,Online Application
CID-736135,Information Systems,Bachelor of Science,Cybersecurity Management,Spring 2020,2020,First-Time Freshman,4.0,121,2.83,2.75,Out-of-State,FALSE,25,1,1,2,74280,26510,Employed Full-Time,0.2,SOC Analyst,Cybersecurity,Federal Health Data Office,Federal Government,"Washington, DC Metro",76500,FALSE,Return Offer from Internship
CID-578913,Computer Science,Bachelor of Science,General,Spring 2025,2025,First-Time Freshman,4.7,122,2.93,3.03,In-State,FALSE,6,1,0,3,30860,22370,Continuing Education,Not Applicable,Not Applicable,Not Applicable,Not Applicable,Not Applicable,Not Applicable,Not Applicable,Not Applicable,Not Applicable
CID-301139,Computer Science,Bachelor of Science,General,Spring 2024,2024,First-Time Freshman,4.3,122,2.96,2.84,Out-of-State,FALSE,8,1,0,1,55480,22030,Still Seeking,Not Applicable,Not Applicable,Not Applicable,Not Applicable,Not Applicable,Not Applicable,Not Applicable,Not Applicable,Not Applicable
CID-744549,Information Systems,Bachelor of Science,Business Analytics,Fall 2025,2025,First-Time Freshman,8.0,121,3.24,3.10,In-State,FALSE,15,3,0,5,40700,39020,Employed Part-Time,0.2,Security Analyst I,Cybersecurity,Chesterfield Asset Management,Financial Services,"Baltimore, MD",96750,FALSE,Return Offer from Internship
CID-239174,Information Systems,Bachelor of Science,General,Fall 2019,2019,First-Time Freshman,4.7,121,2.54,2.35,In-State,FALSE,4,1,0,1,41350,22100,No Response,Not Applicable,Not Applicable,Not Applicable,Not Applicable,Not Applicable,Not Applicable,Not Applicable,Not Applicable,Not Applicable
CID-512483,Information Systems,Bachelor of Science,Software Development,Spring 2025,2025,Transfer,2.7,121,3.43,3.44,In-State,FALSE,8,2,2,1,14470,5540,Employed Full-Time,0.0,IT Analyst,IT Business & Product,Keystone Federal Services,Federal Contracting,"Baltimore, MD",90500,FALSE,Return Offer from Internship
CID-863626,Computer Science,Bachelor of Science,Cybersecurity,Spring 2026,2026,First-Time Freshman,4.0,117,2.60,2.44,In-State,FALSE,15,0,0,0,49440,34730,No Response,Not Applicable,Not Applicable,Not Applicable,Not Applicable,Not Applicable,Not Applicable,Not Applicable,Not Applicable,Not Applicable
CID-651517,Computer Science,Bachelor of Science,Software Engineering,Spring 2022,2022,Transfer,3.7,122,2.77,2.61,In-State,FALSE,15,2,0,3,15570,6730,Employed Full-Time,0.1,Junior DevOps Engineer,Infrastructure & Cloud,Calvert Advisory Group,Consulting & Professional Services,"Baltimore, MD",85000,FALSE,Return Offer from Internship
CID-297354,Computer Science,Bachelor of Science,Data Science,Fall 2022,2022,First-Time Freshman,4.0,122,3.41,3.32,In-State,FALSE,11,2,2,3,35600,15790,Employed Full-Time,0.0,Security Analyst I,Cybersecurity,Continental Wireless,Telecommunications,"Washington, DC Metro",108000,FALSE,Alumni Network
CID-634885,Computer Science,Bachelor of Science,Data Science,Fall 2023,2023,Transfer,3.0,121,2.96,2.80,In-State,FALSE,0,2,0,1,13310,6570,Employed Full-Time,1.8,Junior Data Analyst,Data & Analytics,Meridian National Systems,Federal Contracting,"Washington, DC Metro",71250,FALSE,Career Fair
CID-685599,Computer Science,Bachelor of Science,Artificial Intelligence,Spring 2022,2022,First-Time Freshman,3.7,120,2.67,2.47,In-State,FALSE,2,0,0,1,42360,35720,Employed Full-Time,0.2,Junior Data Analyst,Data & Analytics,Antietam Systems Integration,Federal Contracting,"Washington, DC Metro",60750,FALSE,Online Application
CID-513239,Computer Science,Bachelor of Science,Cybersecurity,Spring 2017,2017,First-Time Freshman,4.7,122,2.08,2.06,Out-of-State,FALSE,4,0,0,1,69720,20330,No Response,Not Applicable,Not Applicable,Not Applicable,Not Applicable,Not Applicable,Not Applicable,Not Applicable,Not Applicable,Not Applicable
CID-729595,Information Systems,Bachelor of Science,Software Development,Spring 2024,2024,Transfer,2.3,121,3.37,3.39,In-State,FALSE,10,0,3,2,15750,8750,Employed Full-Time,4.7,Junior DevOps Engineer,Infrastructure & Cloud,Office of Technology Policy,Federal Government,"Baltimore, MD",71500,FALSE,Student Organization Connection
CID-433550,Computer Science,Bachelor of Science,Software Engineering,Fall 2022,2022,First-Time Freshman,4.3,120,3.28,3.30,Out-of-State,FALSE,7,2,0,5,69070,57730,Employed Full-Time,0.0,Clinical Systems Analyst,Health IT,Patapsco Aerospace,Defense & Aerospace,"Washington, DC Metro",91750,FALSE,Student Organization Connection
CID-590712,Information Systems,Master of Science,Cybersecurity Management,Fall 2015,2015,First-Time Freshman,4.7,121,2.97,2.90,In-State,TRUE,9,3,2,0,36170,19510,Employed Full-Time,0.0,Health Data Analyst,Health IT,National Data Services Agency,Federal Government,"Baltimore, MD",73000,FALSE,Return Offer from Internship
CID-838669,Computer Science,Bachelor of Science,Software Engineering,Fall 2022,2022,First-Time Freshman,5.0,120,1.98,1.71,In-State,FALSE,9,1,0,0,52820,41720,Employed Full-Time,0.1,Systems Administrator,Infrastructure & Cloud,Potomac Mission Solutions,Federal Contracting,"Washington, DC Metro",90000,FALSE,Return Offer from Internship
CID-811860,Computer Science,Bachelor of Science,General,Spring 2026,2026,First-Time Freshman,4.0,117,2.78,2.81,In-State,FALSE,17,0,1,1,42080,28420,Employed Full-Time,3.2,Business Intelligence Analyst,Data & Analytics,Potomac Mission Solutions,Federal Contracting,"Baltimore, MD",81250,FALSE,Faculty or Staff Referral
CID-626576,Information Systems,Bachelor of Science,Software Development,Spring 2020,2020,Transfer,3.3,122,3.12,3.17,In-State,FALSE,11,1,0,1,7800,4930,Employed Full-Time,4.5,Business Intelligence Analyst,Data & Analytics,Office of Technology Policy,Federal Government,"Baltimore, MD",65500,TRUE,Career Fair
CID-653378,Computer Science,Bachelor of Science,General,Spring 2026,2026,Transfer,2.7,120,3.27,3.37,In-State,FALSE,8,1,0,1,12220,7470,Employed Full-Time,0.1,Junior Developer,Software Engineering,Marketside Digital,E-Commerce & Retail Tech,"Baltimore, MD",78250,FALSE,Return Offer from Internship
CID-618789,Computer Science,Bachelor of Science,Software Engineering,Fall 2015,2015,First-Time Freshman,4.3,121,2.89,2.94,In-State,FALSE,10,3,1,6,34410,24120,Employed Full-Time,0.1,Junior Developer,Software Engineering,National Data Services Agency,Federal Government,"Baltimore, MD",86500,FALSE,Return Offer from Internship
CID-855992,Information Systems,Bachelor of Science,Business Analytics,Spring 2025,2025,First-Time Freshman,8.0,121,2.94,3.00,Out-of-State,FALSE,19,1,1,0,95330,34500,Employed Full-Time,3.0,EHR Support Analyst,Health IT,Pinnacle Bridge Partners,Consulting & Professional Services,"Baltimore, MD",86750,FALSE,Online Application
CID-666728,Computer Science,Bachelor of Science,Data Science,Spring 2019,2019,First-Time Freshman,3.7,120,3.35,3.23,In-State,FALSE,13,1,2,4,39840,18850,Continuing Education,Not Applicable,Not Applicable,Not Applicable,Not Applicable,Not Applicable,Not Applicable,Not Applicable,Not Applicable,Not Applicable
CID-840872,Computer Science,Bachelor of Science,General,Spring 2023,2023,First-Time Freshman,3.3,120,2.95,3.09,In-State,FALSE,10,2,0,1,32080,15800,Employed Full-Time,0.0,Junior DevOps Engineer,Infrastructure & Cloud,Marketside Digital,E-Commerce & Retail Tech,Northern Virginia,118500,FALSE,Return Offer from Internship
CID-317515,Information Systems,Bachelor of Science,General,Fall 2020,2020,Transfer,3.3,122,3.58,3.61,In-State,FALSE,23,2,0,3,13830,10680,Employed Full-Time,0.0,Junior Data Analyst,Data & Analytics,University of Maryland System,Higher Education,"Baltimore, MD",64250,FALSE,Return Offer from Internship
CID-867157,Computer Science,Bachelor of Science,General,Fall 2017,2017,First-Time Freshman,5.7,120,3.43,3.24,In-State,FALSE,18,2,2,7,30070,30070,Employed Full-Time,0.3,Software Engineer I,Software Engineering,Chesapeake Defense Systems,Defense & Aerospace,"Washington, DC Metro",77250,FALSE,Return Offer from Internship
CID-954849,Information Systems,Bachelor of Science,General,Spring 2020,2020,First-Time Freshman,3.7,121,3.83,3.80,Out-of-State,FALSE,13,2,0,3,47960,24340,Employed Part-Time,1.2,Desktop Support Analyst,IT Support & Operations,Chesapeake Community College,Higher Education,"Baltimore, MD",53250,FALSE,Career Fair
CID-258029,Computer Science,Bachelor of Science,General,Fall 2015,2015,Transfer,2.0,120,3.78,3.84,In-State,FALSE,20,1,1,3,7970,2710,Continuing Education,Not Applicable,Not Applicable,Not Applicable,Not Applicable,Not Applicable,Not Applicable,Not Applicable,Not Applicable,Not Applicable
CID-970833,Information Systems,Bachelor of Science,Business Analytics,Spring 2016,2016,First-Time Freshman,3.7,121,3.20,3.35,In-State,FALSE,20,2,0,4,24240,16150,Employed Full-Time,0.1,Help Desk Technician,IT Support & Operations,Sentinel Peak Security,Cybersecurity Services,"Baltimore, MD",68250,FALSE,Personal Network
CID-768174,Computer Science,Bachelor of Science,General,Spring 2023,2023,First-Time Freshman,4.7,120,2.83,2.78,Out-of-State,FALSE,1,3,2,4,79400,74910,Employed Full-Time,0.5,SOC Analyst,Cybersecurity,Meridian National Systems,Federal Contracting,"Washington, DC Metro",128500,FALSE,Return Offer from Internship
CID-131816,Information Systems,Bachelor of Science,Software Development,Fall 2025,2025,First-Time Freshman,4.0,121,3.75,3.90,In-State,FALSE,8,2,1,4,22160,0,Continuing Education,Not Applicable,Not Applicable,Not Applicable,Not Applicable,Not Applicable,Not Applicable,Not Applicable,Not Applicable,Not Applicable
CID-432957,Computer Science,Bachelor of Science,Software Engineering,Fall 2017,2017,Transfer,3.0,121,3.40,3.47,Out-of-State,FALSE,14,1,0,1,17970,10580,Employed Full-Time,0.3,Cloud Support Engineer,Infrastructure & Cloud,Blue Heron Technologies,Federal Contracting,"Baltimore, MD",85750,FALSE,Return Offer from Internship
CID-848635,Computer Science,Bachelor of Science,Software Engineering,Spring 2018,2018,First-Time Freshman,4.3,122,3.36,3.36,In-State,FALSE,9,3,1,3,36100,22580,Continuing Education,Not Applicable,Not Applicable,Not Applicable,Not Applicable,Not Applicable,Not Applicable,Not Applicable,Not Applicable,Not Applicable
CID-860736,Computer Science,Bachelor of Science,General,Spring 2024,2024,First-Time Freshman,5.3,123,2.37,2.30,Out-of-State,FALSE,9,0,0,2,95480,43510,Employed Full-Time,5.3,Junior Developer,Software Engineering,Fidelis Capital Partners,Financial Services,"Columbia/Howard County, MD",73000,FALSE,Career Fair
CID-419858,Computer Science,Bachelor of Science,Software Engineering,Spring 2025,2025,First-Time Freshman,6.7,123,3.53,3.72,In-State,FALSE,23,1,0,5,29490,4600,Employed Full-Time,0.5,IT Support Specialist,IT Support & Operations,National Data Services Agency,Federal Government,"Baltimore, MD",74000,FALSE,Return Offer from Internship
CID-430897,Computer Science,Bachelor of Science,Cybersecurity,Spring 2019,2019,Transfer,2.0,120,2.88,2.77,In-State,FALSE,10,1,0,5,16740,14290,Still Seeking,Not Applicable,Not Applicable,Not Applicable,Not Applicable,Not Applicable,Not Applicable,Not Applicable,Not Applicable,Not Applicable
CID-800396,Information Systems,Bachelor of Science,Cybersecurity Management,Spring 2024,2024,First-Time Freshman,4.0,121,3.33,3.40,In-State,FALSE,4,2,1,1,35530,11600,Employed Full-Time,0.1,SOC Analyst,Cybersecurity,Pinnacle Bridge Partners,Consulting & Professional Services,"Washington, DC Metro",123500,FALSE,Return Offer from Internship
CID-182919,Computer Science,Bachelor of Science,Software Engineering,Fall 2024,2024,First-Time Freshman,4.0,122,2.79,2.81,In-State,FALSE,14,2,1,6,49400,25210,Employed Full-Time,0.4,Junior DevOps Engineer,Infrastructure & Cloud,Stratus Cloud Works,Cloud & Infrastructure,"Baltimore, MD",121000,TRUE,Return Offer from Internship
CID-871138,Information Systems,Bachelor of Science,Health Information Technology,Spring 2015,2015,First-Time Freshman,3.3,121,2.79,2.95,In-State,FALSE,15,1,1,2,34410,11840,No Response,Not Applicable,Not Applicable,Not Applicable,Not Applicable,Not Applicable,Not Applicable,Not Applicable,Not Applicable,Not Applicable
CID-562465,Information Systems,Bachelor of Science,Cybersecurity Management,Spring 2015,2015,First-Time Freshman,5.3,121,3.88,3.85,In-State,FALSE,18,1,0,0,20290,17720,Continuing Education,Not Applicable,Not Applicable,Not Applicable,Not Applicable,Not Applicable,Not Applicable,Not Applicable,Not Applicable,Not Applicable
CID-493426,Computer Science,Bachelor of Science,Cybersecurity,Fall 2020,2020,Transfer,4.0,120,2.90,2.76,In-State,FALSE,20,1,0,1,17280,7550,Employed Full-Time,7.2,Systems Administrator,Infrastructure & Cloud,Meridian National Systems,Federal Contracting,"Washington, DC Metro",91750,FALSE,Recruiter Outreach
CID-783110,Information Systems,Bachelor of Science,Business Analytics,Fall 2025,2025,First-Time Freshman,4.7,121,2.37,2.40,In-State,FALSE,14,2,0,0,52820,27480,Employed Full-Time,3.7,Business Analyst,IT Business & Product,Northwind Platform Co.,Software Products,Northern Virginia,107500,FALSE,Career Fair
CID-331411,Computer Science,Bachelor of Science,Cybersecurity,Spring 2015,2015,First-Time Freshman,3.3,120,3.27,3.22,In-State,FALSE,5,1,0,2,28200,22820,Employed Full-Time,3.1,Software Engineer I,Software Engineering,Marketside Digital,E-Commerce & Retail Tech,"Washington, DC Metro",73250,TRUE,Career Fair
CID-555524,Information Systems,Bachelor of Science,General,Fall 2019,2019,First-Time Freshman,4.0,121,2.74,2.85,Out-of-State,FALSE,13,3,0,3,69880,27200,Employed Full-Time,2.3,Business Analyst,IT Business & Product,Meridian National Systems,Federal Contracting,Northern Virginia,79500,FALSE,Online Application
CID-738599,Computer Science,Bachelor of Science,General,Fall 2020,2020,First-Time Freshman,4.3,120,2.75,2.76,Out-of-State,FALSE,8,0,0,0,65460,1730,Employed Full-Time,7.4,Software Engineer I,Software Engineering,Parcel & Post Technologies,Logistics & Transportation,"Austin, TX",58500,TRUE,Online Application
CID-651623,Information Systems,Bachelor of Science,Business Analytics,Fall 2023,2023,First-Time Freshman,4.0,121,2.81,2.75,In-State,FALSE,13,2,2,0,36300,23360,Employed Full-Time,0.5,Desktop Support Analyst,IT Support & Operations,Chesapeake Defense Systems,Defense & Aerospace,"Washington, DC Metro",65250,FALSE,Return Offer from Internship
CID-212795,Information Systems,Bachelor of Science,Cybersecurity Management,Fall 2015,2015,First-Time Freshman,4.3,121,3.12,3.20,In-State,FALSE,6,2,0,4,31260,23300,Employed Full-Time,0.3,IT Support Specialist,IT Support & Operations,Meridian National Systems,Federal Contracting,"Baltimore, MD",63250,FALSE,Return Offer from Internship
CID-721698,Computer Science,Bachelor of Science,Software Engineering,Fall 2020,2020,First-Time Freshman,6.7,122,2.90,2.97,Out-of-State,FALSE,22,2,0,1,69050,29540,Employed Full-Time,1.9,Junior DevOps Engineer,Infrastructure & Cloud,Northfield Biosciences,Healthcare & Life Sciences,Northern Virginia,81250,FALSE,Recruiter Outreach
CID-946745,Information Systems,Bachelor of Science,Business Analytics,Fall 2021,2021,Transfer,2.0,120,2.80,2.76,In-State,FALSE,18,0,0,2,11630,6030,Employed Full-Time,1.0,Junior Systems Analyst,IT Business & Product,Piedmont Energy Partners,Energy & Utilities,"Baltimore, MD",56000,FALSE,Online Application
CID-219888,Computer Science,Bachelor of Science,Artificial Intelligence,Fall 2023,2023,First-Time Freshman,4.0,122,3.48,3.17,Out-of-State,FALSE,6,2,0,1,66730,36460,Employed Full-Time,0.0,Junior Security Engineer,Cybersecurity,Greenspring Health Systems,Healthcare & Life Sciences,"Washington, DC Metro",104500,FALSE,Return Offer from Internship
CID-604156,Computer Science,Bachelor of Science,Data Science,Spring 2024,2024,First-Time Freshman,4.0,120,2.44,2.51,Out-of-State,FALSE,18,0,0,2,95770,50190,Employed Part-Time,6.6,Security Analyst I,Cybersecurity,Antietam Systems Integration,Federal Contracting,"Washington, DC Metro",89000,FALSE,Career Fair
CID-374868,Information Systems,Bachelor of Science,Cybersecurity Management,Spring 2024,2024,Transfer,3.0,121,3.34,3.56,In-State,FALSE,20,1,0,2,11040,1950,Employed Full-Time,5.3,Junior Data Analyst,Data & Analytics,Dockside Logistics Systems,Logistics & Transportation,"Washington, DC Metro",64500,FALSE,Student Organization Connection
CID-163805,Information Systems,Bachelor of Science,Cybersecurity Management,Spring 2023,2023,First-Time Freshman,4.0,121,2.98,2.90,In-State,FALSE,3,0,1,3,41600,15720,Employed Full-Time,3.8,Junior Data Analyst,Data & Analytics,Redoubt Security Partners,Cybersecurity Services,"Baltimore, MD",66500,FALSE,Career Fair
CID-581306,Information Systems,Bachelor of Science,General,Spring 2021,2021,First-Time Freshman,3.7,121,3.45,3.55,Out-of-State,FALSE,4,1,0,2,77420,10380,Employed Full-Time,0.8,Junior Systems Analyst,IT Business & Product,Potomac Mission Solutions,Federal Contracting,"Washington, DC Metro",87500,TRUE,Online Application
CID-447869,Computer Science,Master of Science,General,Spring 2017,2017,Transfer,2.3,120,3.90,3.92,In-State,TRUE,8,1,0,2,6600,2730,Employed Full-Time,0.4,Associate Software Engineer,Software Engineering,Continental Wireless,Telecommunications,"Washington, DC Metro",95750,FALSE,Return Offer from Internship
CID-681016,Information Systems,Bachelor of Science,Cybersecurity Management,Spring 2026,2026,First-Time Freshman,4.3,121,3.11,3.19,In-State,FALSE,18,1,0,4,32260,13240,Employed Part-Time,4.1,Junior Security Engineer,Cybersecurity,Catoctin Analytics Group,Federal Contracting,"Columbia/Howard County, MD",112500,FALSE,Recruiter Outreach
CID-612257,Information Systems,Bachelor of Science,Business Analytics,Spring 2023,2023,Transfer,2.3,120,2.85,2.88,In-State,FALSE,11,0,0,1,14800,7940,Employed Full-Time,2.3,IT Analyst,IT Business & Product,Civic Code Alliance,Nonprofit & Civic Tech,"Washington, DC Metro",50500,FALSE,Alumni Network
CID-738543,Computer Science,Bachelor of Science,General,Fall 2018,2018,First-Time Freshman,4.0,120,2.68,2.91,In-State,FALSE,26,0,0,2,47180,37750,No Response,Not Applicable,Not Applicable,Not Applicable,Not Applicable,Not Applicable,Not Applicable,Not Applicable,Not Applicable,Not Applicable
CID-840287,Computer Science,Bachelor of Science,Software Engineering,Spring 2017,2017,First-Time Freshman,3.3,121,3.08,2.90,Out-of-State,FALSE,19,2,0,4,46400,12130,No Response,Not Applicable,Not Applicable,Not Applicable,Not Applicable,Not Applicable,Not Applicable,Not Applicable,Not Applicable,Not Applicable
CID-165486,Computer Science,Bachelor of Science,Data Science,Fall 2023,2023,First-Time Freshman,4.7,122,2.69,2.75,Out-of-State,FALSE,12,0,0,4,75090,40900,Employed Full-Time,9.4,Security Analyst I,Cybersecurity,Clarion Clinical Data,Healthcare & Life Sciences,"Baltimore, MD",82250,FALSE,Career Fair
CID-599199,Computer Science,Bachelor of Science,General,Fall 2017,2017,Transfer,2.3,135,3.20,3.12,In-State,FALSE,10,0,2,1,11540,6250,Continuing Education,Not Applicable,Not Applicable,Not Applicable,Not Applicable,Not Applicable,Not Applicable,Not Applicable,Not Applicable,Not Applicable
CID-144202,Computer Science,Bachelor of Science,Data Science,Fall 2025,2025,First-Time Freshman,5.7,123,2.37,2.32,In-State,FALSE,9,0,0,2,48790,2860,Still Seeking,Not Applicable,Not Applicable,Not Applicable,Not Applicable,Not Applicable,Not Applicable,Not Applicable,Not Applicable,Not Applicable
CID-548237,Computer Science,Bachelor of Science,Cybersecurity,Fall 2024,2024,First-Time Freshman,7.3,120,2.80,2.72,In-State,FALSE,23,1,0,1,34310,24540,Employed Full-Time,4.9,Junior Developer,Software Engineering,Falconview Systems,Software Products,"Baltimore, MD",89750,FALSE,Career Fair
CID-882082,Information Systems,Bachelor of Science,General,Fall 2018,2018,First-Time Freshman,4.3,121,2.34,2.25,In-State,FALSE,17,0,0,5,29470,25320,Still Seeking,Not Applicable,Not Applicable,Not Applicable,Not Applicable,Not Applicable,Not Applicable,Not Applicable,Not Applicable,Not Applicable
CID-896976,Information Systems,Bachelor of Science,Software Development,Spring 2019,2019,Transfer,2.7,120,2.84,2.81,In-State,FALSE,12,0,0,4,9970,5420,Employed Full-Time,1.7,EHR Support Analyst,Health IT,Northfield Biosciences,Healthcare & Life Sciences,"Baltimore, MD",55750,FALSE,Personal Network
CID-816738,Computer Science,Bachelor of Science,General,Spring 2026,2026,Transfer,2.7,116,3.51,3.48,In-State,FALSE,3,1,0,5,15800,1680,Employed Part-Time,3.2,Associate Software Engineer,Software Engineering,Pinnacle Bridge Partners,Consulting & Professional Services,"Baltimore, MD",83750,FALSE,Recruiter Outreach
CID-357856,Information Systems,Bachelor of Science,Business Analytics,Spring 2026,2026,First-Time Freshman,3.7,112,2.65,2.41,In-State,FALSE,7,1,0,2,47150,32380,Employed Full-Time,1.6,Junior Data Analyst,Data & Analytics,Brightline Software Group,Software Products,Northern Virginia,83500,FALSE,Faculty or Staff Referral
CID-176708,Information Systems,Bachelor of Science,Health Information Technology,Spring 2026,2026,First-Time Freshman,4.3,121,3.05,3.35,In-State,FALSE,14,3,0,3,52770,45790,Employed Full-Time,0.3,Junior Data Analyst,Data & Analytics,Severn River Consulting,Federal Contracting,"Baltimore, MD",64250,FALSE,Return Offer from Internship
CID-957962,Information Systems,Bachelor of Science,Cybersecurity Management,Spring 2017,2017,First-Time Freshman,3.3,121,3.41,3.35,In-State,FALSE,4,2,0,5,38420,18250,Employed Full-Time,0.2,Junior Developer,Software Engineering,Chesapeake Defense Systems,Defense & Aerospace,Northern Virginia,78250,FALSE,Return Offer from Internship
CID-854019,Information Systems,Bachelor of Science,General,Spring 2024,2024,Transfer,1.7,126,3.80,3.76,In-State,FALSE,4,1,0,4,12190,3510,Employed Full-Time,0.6,Data Analyst,Data & Analytics,Meridian National Systems,Federal Contracting,"Washington, DC Metro",78250,FALSE,Faculty or Staff Referral
CID-581915,Computer Science,Bachelor of Science,General,Spring 2015,2015,First-Time Freshman,4.0,122,3.69,3.75,In-State,FALSE,12,2,0,2,31720,16460,Employed Full-Time,1.1,Associate Software Engineer,Software Engineering,Blue Heron Technologies,Federal Contracting,"Columbia/Howard County, MD",78250,FALSE,Online Application
CID-514032,Computer Science,Master of Science,Data Science,Fall 2024,2024,First-Time Freshman,3.7,120,3.21,3.16,Out-of-State,FALSE,8,2,0,3,84230,37630,Employed Full-Time,0.3,Business Intelligence Analyst,Data & Analytics,Allied Shield Insurance Group,Insurance,Remote - United States,90000,TRUE,Return Offer from Internship
CID-738427,Computer Science,Bachelor of Science,Software Engineering,Spring 2017,2017,Transfer,2.7,121,2.94,3.02,In-State,FALSE,15,1,3,1,13650,5280,Employed Part-Time,0.0,Junior ML Engineer,Machine Learning & AI,Calvert Advisory Group,Consulting & Professional Services,"Washington, DC Metro",81500,FALSE,Personal Network
CID-528603,Information Systems,Bachelor of Science,General,Spring 2025,2025,First-Time Freshman,3.7,121,3.23,3.30,Out-of-State,FALSE,3,1,0,1,52090,29700,No Response,Not Applicable,Not Applicable,Not Applicable,Not Applicable,Not Applicable,Not Applicable,Not Applicable,Not Applicable,Not Applicable
CID-745834,Information Systems,Bachelor of Science,Software Development,Spring 2026,2026,First-Time Freshman,3.7,105,3.09,3.06,In-State,FALSE,19,2,1,6,21060,11350,Employed Full-Time,0.0,Security Analyst I,Cybersecurity,Antietam Systems Integration,Federal Contracting,"Washington, DC Metro",118000,FALSE,Recruiter Outreach
CID-479522,Computer Science,Master of Science,Data Science,Fall 2020,2020,First-Time Freshman,4.0,122,3.55,3.42,Out-of-State,FALSE,14,1,2,3,45550,14660,No Response,Not Applicable,Not Applicable,Not Applicable,Not Applicable,Not Applicable,Not Applicable,Not Applicable,Not Applicable,Not Applicable
CID-799482,Computer Science,Master of Science,Cybersecurity,Spring 2018,2018,First-Time Freshman,3.3,120,3.43,3.39,Out-of-State,TRUE,13,2,0,3,61630,33930,Military,Not Applicable,Not Applicable,Not Applicable,Not Applicable,Not Applicable,Not Applicable,Not Applicable,Not Applicable,Not Applicable
CID-944287,Computer Science,Bachelor of Science,Software Engineering,Fall 2023,2023,First-Time Freshman,5.3,123,2.68,2.44,In-State,FALSE,18,2,3,3,45520,20390,Employed Full-Time,0.2,Junior Security Engineer,Cybersecurity,Chesapeake Defense Systems,Defense & Aerospace,"Washington, DC Metro",95000,FALSE,Return Offer from Internship
CID-459863,Information Systems,Bachelor of Science,Health Information Technology,Spring 2021,2021,First-Time Freshman,8.0,121,2.85,2.62,In-State,FALSE,25,1,0,4,44480,18020,Employed Full-Time,0.7,Junior Data Analyst,Data & Analytics,Vantage Point Applications,Software Products,"Columbia/Howard County, MD",76000,TRUE,Student Organization Connection
CID-568173,Computer Science,Bachelor of Science,Artificial Intelligence,Spring 2026,2026,First-Time Freshman,3.3,120,2.87,2.77,In-State,FALSE,10,0,1,2,38140,24900,Employed Full-Time,2.0,Software Engineer I,Software Engineering,Chesapeake Defense Systems,Defense & Aerospace,"Columbia/Howard County, MD",89000,FALSE,Recruiter Outreach
CID-848562,Information Systems,Bachelor of Science,Cybersecurity Management,Spring 2015,2015,First-Time Freshman,4.0,121,2.83,2.65,In-State,FALSE,9,1,0,2,32680,12880,Employed Full-Time,3.1,Junior Data Analyst,Data & Analytics,Tidewater Defense Group,Defense & Aerospace,"Baltimore, MD",42750,TRUE,Alumni Network
CID-401988,Computer Science,Bachelor of Science,Artificial Intelligence,Spring 2023,2023,Transfer,2.7,122,3.18,3.28,In-State,FALSE,9,2,0,2,14010,10830,No Response,Not Applicable,Not Applicable,Not Applicable,Not Applicable,Not Applicable,Not Applicable,Not Applicable,Not Applicable,Not Applicable
CID-432430,Computer Science,Bachelor of Science,General,Fall 2020,2020,First-Time Freshman,5.3,122,2.38,2.44,In-State,FALSE,7,3,1,4,36370,13780,Still Seeking,Not Applicable,Not Applicable,Not Applicable,Not Applicable,Not Applicable,Not Applicable,Not Applicable,Not Applicable,Not Applicable
CID-501509,Information Systems,Bachelor of Science,General,Spring 2022,2022,First-Time Freshman,3.7,121,3.90,3.85,Out-of-State,FALSE,0,2,1,6,54130,54130,Employed Full-Time,0.1,SOC Analyst,Cybersecurity,Potomac Mission Solutions,Federal Contracting,Remote - United States,118000,TRUE,Student Organization Connection
CID-329336,Computer Science,Bachelor of Science,General,Spring 2026,2026,First-Time Freshman,3.7,114,3.09,2.96,In-State,FALSE,8,2,0,0,46460,15020,Continuing Education,Not Applicable,Not Applicable,Not Applicable,Not Applicable,Not Applicable,Not Applicable,Not Applicable,Not Applicable,Not Applicable
CID-944142,Computer Science,Bachelor of Science,General,Spring 2017,2017,First-Time Freshman,4.7,120,2.19,2.28,Out-of-State,FALSE,13,0,1,3,74950,51060,Still Seeking,Not Applicable,Not Applicable,Not Applicable,Not Applicable,Not Applicable,Not Applicable,Not Applicable,Not Applicable,Not Applicable
CID-173850,Computer Science,Bachelor of Science,General,Summer 2015,2015,First-Time Freshman,3.7,122,3.33,3.19,In-State,FALSE,13,1,0,2,25840,11300,Employed Full-Time,0.2,Junior Security Engineer,Cybersecurity,Keystone Federal Services,Federal Contracting,"Baltimore, MD",91000,FALSE,Return Offer from Internship
CID-761467,Information Systems,Bachelor of Science,Health Information Technology,Spring 2023,2023,First-Time Freshman,6.3,121,3.16,3.00,Out-of-State,FALSE,12,2,0,0,91100,63560,Employed Full-Time,2.4,Business Intelligence Analyst,Data & Analytics,Chesapeake Community College,Higher Education,"Columbia/Howard County, MD",55000,FALSE,Career Fair
CID-628622,Information Systems,Bachelor of Science,Software Development,Fall 2022,2022,First-Time Freshman,4.0,121,3.07,3.15,Out-of-State,FALSE,12,1,0,5,93480,37640,Employed Full-Time,0.0,Business Intelligence Analyst,Data & Analytics,Keystone Federal Services,Federal Contracting,"Washington, DC Metro",73000,FALSE,Online Application
CID-542567,Information Systems,Bachelor of Science,Health Information Technology,Spring 2018,2018,Transfer,4.7,122,2.77,2.78,In-State,FALSE,19,2,0,4,12480,5370,Continuing Education,Not Applicable,Not Applicable,Not Applicable,Not Applicable,Not Applicable,Not Applicable,Not Applicable,Not Applicable,Not Applicable
CID-100071,Computer Science,Master of Science,Artificial Intelligence,Fall 2017,2017,First-Time Freshman,4.3,122,3.12,3.14,Out-of-State,TRUE,9,1,0,4,70660,62810,No Response,Not Applicable,Not Applicable,Not Applicable,Not Applicable,Not Applicable,Not Applicable,Not Applicable,Not Applicable,Not Applicable
CID-654352,Computer Science,Bachelor of Science,Cybersecurity,Spring 2016,2016,Transfer,4.7,120,2.72,2.80,In-State,FALSE,20,2,1,0,16270,5640,Employed Full-Time,0.0,Business Intelligence Analyst,Data & Analytics,Chesapeake Defense Systems,Defense & Aerospace,"Baltimore, MD",75000,FALSE,Return Offer from Internship
CID-343416,Computer Science,Bachelor of Science,General,Spring 2025,2025,First-Time Freshman,4.3,120,2.23,2.16,Out-of-State,FALSE,3,0,1,4,99070,99070,No Response,Not Applicable,Not Applicable,Not Applicable,Not Applicable,Not Applicable,Not Applicable,Not Applicable,Not Applicable,Not Applicable
CID-502838,Information Systems,Bachelor of Science,Cybersecurity Management,Spring 2017,2017,First-Time Freshman,4.7,121,2.62,2.57,In-State,FALSE,13,1,0,6,36740,12580,Still Seeking,Not Applicable,Not Applicable,Not Applicable,Not Applicable,Not Applicable,Not Applicable,Not Applicable,Not Applicable,Not Applicable
CID-995360,Computer Science,Bachelor of Science,General,Spring 2018,2018,Transfer,2.7,121,3.22,3.04,In-State,FALSE,10,0,1,1,12370,4400,No Response,Not Applicable,Not Applicable,Not Applicable,Not Applicable,Not Applicable,Not Applicable,Not Applicable,Not Applicable,Not Applicable
CID-820778,Information Systems,Bachelor of Science,Business Analytics,Spring 2022,2022,First-Time Freshman,4.0,121,2.93,2.85,In-State,FALSE,5,0,0,1,40560,27900,Employed Full-Time,4.7,IT Analyst,IT Business & Product,Catoctin Analytics Group,Federal Contracting,Northern Virginia,68500,FALSE,Personal Network
CID-750979,Computer Science,Master of Science,Cybersecurity,Spring 2026,2026,Transfer,3.0,121,2.43,2.56,In-State,TRUE,4,1,0,4,13580,12390,Employed Full-Time,3.0,Data Analyst,Data & Analytics,Shoreline Retail Group,E-Commerce & Retail Tech,"Baltimore, MD",66250,FALSE,Faculty or Staff Referral
CID-301548,Information Systems,Master of Science,Cybersecurity Management,Fall 2017,2017,First-Time Freshman,4.3,121,2.83,2.75,In-State,TRUE,7,1,0,2,33730,18940,Employed Full-Time,0.9,Business Analyst,IT Business & Product,Greenspring Health Systems,Healthcare & Life Sciences,"Chicago, IL",56750,FALSE,Online Application
CID-924931,Computer Science,Bachelor of Science,Software Engineering,Spring 2026,2026,First-Time Freshman,4.0,119,2.73,2.76,Out-of-State,FALSE,12,2,2,3,74060,41340,Employed Full-Time,0.1,Junior Developer,Software Engineering,Marketside Digital,E-Commerce & Retail Tech,Northern Virginia,122500,FALSE,Return Offer from Internship
CID-724106,Computer Science,Bachelor of Science,General,Spring 2026,2026,First-Time Freshman,5.3,112,1.90,2.03,In-State,FALSE,11,0,0,1,75770,0,Still Seeking,Not Applicable,Not Applicable,Not Applicable,Not Applicable,Not Applicable,Not Applicable,Not Applicable,Not Applicable,Not Applicable
CID-324293,Computer Science,Bachelor of Science,Data Science,Fall 2017,2017,Transfer,2.3,126,3.29,3.45,In-State,FALSE,20,0,3,4,10100,3090,Still Seeking,Not Applicable,Not Applicable,Not Applicable,Not Applicable,Not Applicable,Not Applicable,Not Applicable,Not Applicable,Not Applicable
CID-399098,Computer Science,Bachelor of Science,General,Fall 2023,2023,First-Time Freshman,6.7,122,2.52,2.44,Out-of-State,FALSE,18,2,1,2,91280,25110,Employed Full-Time,2.6,Associate Software Engineer,Software Engineering,Sentinel Peak Security,Cybersecurity Services,"Columbia/Howard County, MD",77500,FALSE,Career Fair
CID-957359,Computer Science,Bachelor of Science,General,Fall 2017,2017,Transfer,2.0,120,2.26,2.15,In-State,FALSE,15,1,0,5,12430,9160,Employed Full-Time,0.3,SOC Analyst,Cybersecurity,Copper Ridge Data Centers,Cloud & Infrastructure,"Washington, DC Metro",89500,FALSE,Student Organization Connection
CID-225504,Computer Science,Bachelor of Science,Artificial Intelligence,Fall 2018,2018,First-Time Freshman,4.0,122,3.48,3.52,Out-of-State,FALSE,16,1,2,2,73950,65600,No Response,Not Applicable,Not Applicable,Not Applicable,Not Applicable,Not Applicable,Not Applicable,Not Applicable,Not Applicable,Not Applicable
CID-704452,Computer Science,Bachelor of Science,Software Engineering,Spring 2016,2016,First-Time Freshman,3.0,120,3.67,3.77,In-State,FALSE,2,1,1,4,25510,12470,Employed Full-Time,0.2,Junior Security Engineer,Cybersecurity,Redoubt Security Partners,Cybersecurity Services,"Baltimore, MD",100500,FALSE,Career Fair
CID-906843,Information Systems,Bachelor of Science,Business Analytics,Spring 2025,2025,First-Time Freshman,4.7,121,2.55,2.38,Out-of-State,FALSE,11,2,0,2,91440,74970,Employed Full-Time,0.0,Business Analyst,IT Business & Product,Redoubt Security Partners,Cybersecurity Services,Northern Virginia,80250,FALSE,Alumni Network
CID-738904,Computer Science,Bachelor of Science,Artificial Intelligence,Spring 2024,2024,Transfer,3.0,123,3.59,3.81,In-State,FALSE,8,1,1,0,9480,2960,No Response,Not Applicable,Not Applicable,Not Applicable,Not Applicable,Not Applicable,Not Applicable,Not Applicable,Not Applicable,Not Applicable
CID-387990,Information Systems,Bachelor of Science,Business Analytics,Spring 2021,2021,First-Time Freshman,7.7,121,2.76,2.75,Out-of-State,FALSE,21,0,0,2,89080,79670,Employed Full-Time,1.4,Junior Data Analyst,Data & Analytics,Greenspring Health Systems,Healthcare & Life Sciences,"Washington, DC Metro",55500,FALSE,Alumni Network
CID-722448,Information Systems,Bachelor of Science,Business Analytics,Spring 2022,2022,Transfer,2.7,121,2.77,2.78,In-State,FALSE,12,2,0,4,16990,8260,Continuing Education,Not Applicable,Not Applicable,Not Applicable,Not Applicable,Not Applicable,Not Applicable,Not Applicable,Not Applicable,Not Applicable
CID-564642,Computer Science,Bachelor of Science,Software Engineering,Spring 2024,2024,Transfer,3.0,120,2.56,2.61,Out-of-State,FALSE,11,2,0,3,30050,16140,Employed Full-Time,0.2,Junior Data Analyst,Data & Analytics,Vantage Point Applications,Software Products,"Washington, DC Metro",78000,FALSE,Return Offer from Internship
CID-779665,Computer Science,Bachelor of Science,Software Engineering,Fall 2020,2020,Transfer,3.0,121,2.65,2.68,Out-of-State,FALSE,6,1,2,4,34020,19170,No Response,Not Applicable,Not Applicable,Not Applicable,Not Applicable,Not Applicable,Not Applicable,Not Applicable,Not Applicable,Not Applicable
CID-808157,Computer Science,Master of Science,General,Spring 2021,2021,First-Time Freshman,4.0,122,3.46,3.44,In-State,TRUE,9,1,0,2,27780,16590,Still Seeking,Not Applicable,Not Applicable,Not Applicable,Not Applicable,Not Applicable,Not Applicable,Not Applicable,Not Applicable,Not Applicable
CID-630247,Computer Science,Bachelor of Science,Artificial Intelligence,Spring 2019,2019,First-Time Freshman,3.7,122,3.52,3.51,Out-of-State,FALSE,11,0,1,3,63940,13860,Employed Part-Time,3.4,Software Engineer I,Software Engineering,Greenspring Health Systems,Healthcare & Life Sciences,"Baltimore, MD",65500,FALSE,Career Fair
